,Частота
арво,114
метс,50
в,858
осенних,13
лесах,12
избранное,1
стихотворения,32
судьба,20
русского,25
поэта,49
это,118
замечательно,1
когда,55
мы,72
можем,3
говорить,6
не,306
о,115
пресловутых,1
жизни,34
и,634
творчестве,3
а,135
судьбе,3
есть,22
люди,14
судьбы,4
второе,2
редкость,2
хотя,18
бы,66
потому,13
что,168
ведет,2
тех,6
ком,3
подлинность,1
от,84
судеб,1
защиты,1
нет,26
слово,11
происходит,7
выражения,2
суд,1
божий,2
этим,6
все,109
сказано,2
предопределение,1
удивление,1
я,230
сам,20
знаю,19
как,183
меня,33
парня,6
из,108
эстонской,9
глуши,5
настигла,7
ноябрь,1
го,2
года,13
страшно,5
подумать,1
наш,11
век,4
оказался,1
прошлым,1
веком,3
сырые,1
холодные,2
дни,2
приехал,2
москву,1
на,304
вступительные,2
экзамены,2
аспирантуру,2
литературного,5
института,9
имени,5
горького,3
твери,1
тогда,16
калинина,1
институт,4
его,105
таинственность,1
чудное,1
расположение,1
тверском,1
бульваре,1
вся,8
цепь,1
былого,1
дум,1
сопряженная,1
с,213
пространством,1
внушали,1
мне,59
восхищение,3
ужас,1
обычно,4
случается,1
провинциалом,1
столице,1
никого,2
знал,4
прославленном,1
заведении,1
пугался,1
углов,1
коридоров,2
аудиторий,1
но,105
более,19
всего,38
обитателей,1
старших,1
младших,1
великих,3
теней,1
населявших,1
к,145
тому,8
же,72
надо,6
было,57
сдавать,1
перед,12
именитой,1
комиссией,1
одним,3
словом,9
страх,1
трепет,3
голову,4
могло,1
прийти,2
отныне,1
долгие-долгие,1
годы,16
треть,1
века,4
моя,12
жизнь,21
будет,13
безраздельно,1
принадлежать,1
институту,1
несколько,13
молодых,1
людей,16
вместе,11
которыми,2
проходил,1
эти,25
испытания,1
вели,1
себя,21
свободно,1
весело,2
просто,3
по-свойски,1
они,37
были,22
выпускниками,1
начинающими,1
поэтами,5
прозаиками,1
переводчиками,1
критиками,1
сказал,6
литинститутовцами,1
по,89
происхождению,1
прошли,4
учебный,1
творческий,2
курс,3
застолий,1
бесед,1
споров,1
всей,2
той,8
особенной,1
которая,16
невидимо,1
клубится,1
пределах,1
бывшей,1
городской,3
усадьбы,1
адресом,1
тверской,1
бульвар,1
завидовал,1
людям,7
смотрел,2
всех,9
снизу,1
вверх,5
один,17
них,21
несуетный,1
молодой,3
человек,23
растерянно-деликатный,1
исполненный,1
печальной,1
скромности,1
привлекал,1
походке,1
повадках,1
лице,2
угадывалась,1
нечто,3
скандинавско-прибалтийское,1
мягкой,2
неторопливости,1
отдельности,1
живущий,1
возле,5
моря,1
хозяин,1
хутора,1
мызы,1
пастор,1
сельской,1
кирхи,1
был,31
эстония,6
маленькая,8
за,79
буреломами,3
разливами,3
рек,3
вот-вот,5
отколется,3
уплывет,3
вдаль,5
поступили,1
кафедру,2
советской,1
литературы,11
художественного,6
перевода,2
влекли,1
тайны,3
верлибра,40
занимался,1
он,95
глубоко,2
основательно,1
ныне,3
метса,26
почитают,1
классиком,1
для,43
многих,10
верлибр,26
чужеродное,1
русской,16
поэзии,51
больше,25
годится,1
переводов,2
японской,2
или,47
китайской,1
классической,1
новейшей,2
европейской,1
лирики,2
хочу,14
вдаваться,1
досужие,1
цеховые,1
вопросы,5
первых,5
дней,3
знакомства,1
совершенно,9
ясно,3
поэт,34
национальности,2
божией,2
милостью,1
говаривали,1
старину,1
чистейшее,1
воплощение,1
лирика,7
нем,12
что-то,11
хлебниковское,1
упал,1
облака,6
этом,22
падении,1
узрел,1
пеструю,1
восхитительность,1
мира,21
власть,1
подробностей,1
музыку,3
целого,1
силу,3
лёта,1
волшебное,1
изящество,1
изображении,1
природы,2
состояния,1
души,2
соседствует,1
у,52
откровениями,1
мудреца,1
провидца,1
пути,10
цивилизации,6
нагорной,3
проповеди,3
нагорному,3
карабаху,3
игра,2
слов,8
столкновение,1
смыслов,2
так,65
узреть,1
кошмар,1
кровавое,1
наваждение,1
-х,3
годов,5
их,34
фальшь,2
жестокость,1
воздух,9
густеет,3
превращается,4
свинец,3
довольно,4
долгое,1
время,35
после,24
аспирантуры,1
встречались,1
редко,5
родство,2
сохранялось,1
шел,1
между,14
нами,6
невидимый,1
мысленный,1
разговор,5
водится,1
руси,7
самом,3
главном,2
конечно,5
начинали,1
стареть,1
уставать,1
забот,1
бед,1
чуши,1
весь,19
предчувствиях,1
народ,3
сфинкс,2
многомиллионноголовый,2
какие,14
еще,38
тяжести,3
выдюжишь,2
ты,42
своих,8
плечах,2
какой,6
соломинки,2
лопнет,2
твое,2
терпение,2
опять,6
будут,4
реки,4
крови,6
те,6
времена,8
впрочем,7
нынешние,1
развели,1
некогда,3
близких,3
неизбежность,1
разрывов,1
окружала,1
изнуряла,1
нас,24
радостно,1
видеть,4
чувствовать,1
родным,1
близким,1
во,30
всем,6
смотря,1
ни,20
умудрился,1
остаться,2
поэтом,7
стихи,53
сохранив,1
ошеломляющую,1
наивность,1
обрели,1
твердую,1
содержательную,1
многоликость,1
вот,27
лишь,13
две,14
сказать,8
экзистенциальные,1
лирические,2
пьесы,1
вещие,1
историософские,1
рисунок,1
прост,1
пронизывающая,1
музыка,7
поразительна,1
мой,19
дед,3
сколотил,2
себе,28
такой,15
хороший,6
пахнущий,2
смолой,2
гроб,3
увидел,5
чердаке,3
снопе,2
солнечных,4
лучей,4
маленьким,3
другое,3
незадолго,4
до,24
кончины,4
отец,11
превозмогая,3
боль,7
тщательно,3
расставил,3
дрова,4
сарае,3
последнее,5
успел,4
сделать,8
гармонии,9
нужно,20
ли,38
доказывать,1
поэзия,26
почему,6
предисловии,4
своей,18
последней,5
книге,4
написал,6
основе,10
настоящей,6
лежит,12
нравственное,5
начало,9
без,31
которого,8
здание,5
построено,5
песке,5
свой,10
дом,7
построил,2
вольном,1
просторе,1
верю,2
милой,1
домашней,1
вечности,6
где,29
душа,11
вновь,6
узрит,3
лазурность,3
необъятность,4
небосвода,5
владимир,8
смирнов,4
комсомольск-на-амуре,4
пярну,4
под,19
окном,4
огня,2
спишь,4
утром,5
следов,3
найдешь,2
остались,6
снегом,3
забытая,2
дверь,5
понурив,1
стоит,9
которую,9
никто,9
стучится,1
любят,2
стучать,3
бронзовую,1
резную,1
сокровище,2
пылится,1
забытой,1
дверью,3
тихо,8
стрекочут,2
часы,3
вдвоем,1
твои,5
огромные,1
глаза,18
встали,2
длинную,2
очередь,2
счастьем,2
весна,4
лижу,3
мороженое,2
хорошо,8
если,29
значит,3
пришла,22
смотрю,5
девушек,5
наши,4
взгляды,1
фехтуют,1
побеждаю,1
золотые,8
ноги,5
виноват,1
красивы,1
нос,2
урчит,1
гармонь,1
макушка,1
касается,7
неба,8
ливень,6
солнца,18
одуванчики,2
лужицы,2
траве,3
пчела,3
сосет,4
солнце,22
поросенок,3
ногами,3
золотой,7
пыльце,3
утро,5
проснулся,3
кто-то,13
шуршит,1
стене,2
луч,4
рыжей,1
головой,2
бегал,1
вниз,4
второй,6
раз,13
стонет,2
бледный,1
угасал,1
третий,2
громкое,1
подпрыгивало,1
столе,2
хохотало,1
хлопало,1
ладоши,1
вставай,1
соня,1
отстань,1
сегодня,12
воскресенье,1
люблю,9
тебя,21
босую,3
рыжую,1
медный,1
таз,1
пропахла,1
водой,3
синим,1
простором,1
веслами,1
протекающей,1
старой,4
лодкой,1
улице,5
идет,9
женщина,4
круглая,1
прозрачная,1
антоновка,1
она,55
несет,5
человека,13
счастливы,2
женщины,2
носящие,2
будущее,7
прижаться,2
шершавой,1
земле,10
травинки,1
шумят,1
дремучие,1
леса,2
бродят,1
путешественники-муравьи,1
давно,6
улетела,2
небо,14
последняя,3
капля,1
росы,3
учусь,1
смотреть,6
глазами,1
земли,7
могу,17
кондуктор,1
нищий,1
протягивает,2
руку,4
копейкой,1
даже,27
столовая,1
самообслуживания,1
перегородках,1
четыре,4
гудит,2
гудок,1
идут,14
большие,4
руки,13
головы,5
голова,1
рук,2
уснули,2
сопки,2
росинки,1
отражают,1
звездный,2
свет,15
темные,4
листья,7
начинают,6
песню,2
ночи,3
пахнут,1
будущие,1
грибы,2
тебе,19
играет,4
листва,2
солнечные,2
лучи,1
перебирают,1
пальцами,2
трогают,2
разные,4
голоса,3
трепещешь,1
прикосновений,1
слышат,2
только,43
мои,11
вечерами,4
девушки,18
шли,2
танцплощадку,2
перепрыгивая,2
через,19
канавы,2
туфельки,3
бережно,3
неся,3
ладонях,2
словно,21
капельки,4
счастья,5
осенние,7
прогулки,6
легко,9
ранить,1
звуком,1
баяна,1
уголким,1
желтого,1
листа,2
сладко,2
превращаться,2
пух,3
стать,5
легким,1
ненаписанный,1
стих,30
светлые,1
линии,4
орнаменты,1
пятна,1
прилетает,1
жар-птица,1
уже,27
сплю,1
уплывать,2
темноту,4
увидит,1
грустные,2
смеется,1
над,16
костюмом,1
чарли,1
чаплина,1
вернусь,1
разложу,1
белый,13
лист,6
живу,1
чудище,1
аленького,1
цветочка,1
дереве,2
два,19
тепло,1
уходит,3
ствол,2
покойник,1
опускается,1
корни,1
тепла,1
спина,1
сырости,1
падают,2
слышал,2
тяжелое,2
дыхание,5
открыл,1
нашел,1
пьяного,1
лежал,1
труп,1
остроносых,1
ботинках,1
рядом,4
рвота,1
мясо,1
кеты,1
пор,4
часто,4
слышу,3
открываю,1
парень,1
где-то,8
сквозь,4
сон,1
безденежный,3
ходит,5
городу,2
туманные,1
звезды,6
дрожат,2
морозе,1
безрукий,1
безногий,1
безглазый,1
городе,5
зажигаются,1
огни,1
видят,3
безденежного,3
голубые,2
помогает,2
прядет,2
внутри,5
котенка,1
нур-нур,3
иногда,13
засыпает,2
смотрит,5
окно,9
снежинки,1
летят,1
поезд,2
заорал,2
маленький,8
ослик,2
тихонько,1
стал,9
ступать,1
три,12
серебристые,1
елочки,1
стекле,1
из-за,3
туч,2
выходит,3
луна,1
земля,4
полна,2
звона,1
такую,2
ночь,7
распускаются,1
ледяные,1
розы,1
ткут,2
голосами,2
звонкую,1
пряжу,1
песня,1
замирает,1
чьи-то,1
шаги,1
приближаются,1
двери,6
поют,5
заманивают,1
желтый,2
плывет,3
мимо,7
моего,4
лица,6
говорит,2
поет,1
упрекает,1
чем-то,3
синий,4
февраль,3
иду,7
березе,2
стою,6
цехе,2
увидеть,8
мыслях,1
можно,22
металла,1
солидола,1
ругани,1
встают,1
гриновские,1
города,8
обнять,1
красоту-,1
никак,2
трудом,5
красотой,7
десять,2
превращений,1
рабочего,2
дня,4
спрашивает,1
желаниях,1
железной,1
рукой,4
поднимаю,1
постели,1
черные,2
тени,7
метели,2
слипаются,1
веки,2
заносит,1
заводскую,1
дорогу,2
непрерывно,1
встает,4
кассы,2
ищет,1
кармане,3
узенькую,1
щелочку,2
живем,1
луне,1
деньги,1
кислород,1
отпущенный,1
нам,16
баллонах,1
читальном,2
зале,3
особенно,5
земные,2
сидят,3
чулках,1
футляры,1
скрипок,1
лежат,4
боку,1
голубой,3
коляске,3
соской,2
тихих,3
глазах,7
отражаются,1
птицы,6
плывущие,2
высоко,3
наклонившись,2
вдруг,12
самого,5
стареньком,2
пальто,3
очереди,3
вермишелью,2
здесь,33
почитательницы,1
поэту,5
немного,6
стыдно,1
стоял,1
эстраде,1
принц,1
который,15
никогда,6
ест,1
молодые,4
похожи,3
лицом,2
ветер,6
потом,6
получаются,1
верные,2
жены,1
которых,13
дома,4
мебель,2
хозяйственные,1
сумки,1
дочери,1
весенние,2
ручейки,1
помню,8
детства,4
запах,5
полол,1
перчатках,1
меха,1
крота,1
положил,1
кто-нибудь,1
щеку,1
памяти,3
эрны,1
отрывок,3
трудиться,3
порой,2
улыбаться,1
выйти,3
замуж,1
рожать,1
детей,4
посылать,2
письма,4
превратиться,1
снова,1
землю,8
таится,1
некий,3
упорный,1
смысл,5
ищу,1
нести,5
собой,7
дали,4
соленый,1
кедров,1
чтобы,28
выросших,1
среди,10
городских,1
камней,1
бледных,1
перехватило,1
изысканных,1
нарядах,1
глядели,1
очарованные,1
возьму,1
бледнее,1
москва,8
эскалаторе,2
глядят,1
вперед,2
будто,7
вечность,2
сосредоточенные,1
свободные,1
мелочей,2
изобразят,1
мозаиках,1
будущего,3
сходим,1
лестницы,1
становимся,1
людьми,1
трамваи,2
магазины,1
кастрюли,1
хожу,1
марсианин,1
памятников,1
непонятной,1
поставленной,1
наспех,1
потребностей,1
тихим,2
углам,2
кристаллы,2
музыки,6
поэтов,28
любящих,2
простоты,2
ее,37
истокам,3
домой,7
садовник,1
собирает,3
книги,7
мать,3
полнеет,1
задыхается,1
мою,10
поэзию,7
запутанную,1
поиски,1
день,19
искал,4
одиночества,1
слушать,1
гудишь,1
орган,1
высокой,2
церкви,3
огромном,2
столько,5
красивых,2
любуюсь,1
ими,2
устали,1
улыбаются,2
вполне,2
счастлив,1
вечеру,2
замечаю,1
остался,3
личность,5
мгновенна,4
улицах,4
подобно,4
вспышке,2
магния,2
городские,3
соловьи,3
визжат,3
пронзительно,3
тормоза,3
бегут,3
светофоры,1
футболисты,1
мячом,1
дух,8
созерцания,3
действия,2
делает,6
духа,3
тоскуем,1
неполноты,1
разделенном,1
мире,10
многие,6
вещи,4
ищут,2
друг,10
друга,6
могилы,2
сровняются,2
землей,2
когда-нибудь,4
будем,4
седой,3
древностью,3
спасет,3
наше,4
лицо,5
соберет,3
соль,3
слез,3
золотую,3
пыль,4
улыбок,5
тот,5
кого,8
мир,21
ждет,5
помогаю,2
ему,17
открывать,3
свинцовые,3
вечный,3
двигатель,3
изобретен,1
вагон,1
метро,2
кольцевой,1
входят,2
новые,4
выходят,3
сидишь,3
древний,1
мудрец,1
усмехаясь,1
бороду,1
видишь,2
исчезают,1
поколения,2
умею,6
почти,9
ничего,12
горько,1
тридцати,1
годам,1
растет,1
хлеб,1
завод,1
рождаются,1
дети,8
связан,2
со,27
хрупкую,1
оболочку,1
слова,21
любую,1
минуту,2
может,25
порваться,1
мигом,2
обходят,1
задумываюсь,1
мысли,11
туманности,1
андромеды,1
деле,5
хлебом,2
гораздо,3
тоньше,3
чувствую,6
бедность,1
свою,8
молчишь,1
испуганные,1
гудение,8
пчел,5
заставляет,3
звенеть,3
цветы,10
затем,3
деревья,3
наконец,4
сад,6
вокруг,7
неведомая,2
струна,4
задета,2
тобой,6
песочные,1
прибываю,2
убываешь,2
таллиннские,1
камни,7
безымянным,1
строителям,1
олевисте,1
ходят,1
гулко,1
молчат,1
мечты,2
стоны,1
замурованы,1
кляп,1
рту,1
веков,2
свободны,1
творил,1
силы,3
собраны,2
фокус,3
уйти,1
плена,1
вещей,4
острые,1
шпили,1
подымались,1
небу,3
предчувствуя,1
смутно,2
стройность,1
ракет,1
горючего,1
сводами,1
прозвучал,1
хорал,1
честно,1
перешедшие,1
камень,4
приказала,1
эпоха,1
видно,5
озабоченный,3
взад,1
половице,1
запер,1
ключ,4
стипендия,2
спешу,1
истратить,1
вечер,4
передо,1
мной,8
волшебный,1
край,1
возможного,1
город,2
огнях,1
моей,7
ладони,1
копейки,1
пью,2
газировку,1
кто,13
случай,2
подарок,2
плата,2
ожидание,1
такая,4
влюблен,3
красоту,5
простых,1
которые,15
горят,1
рябина,1
осеннем,1
саду,4
молодости,2
мчимся,1
открываем,1
настоящих,1
друзей,1
смыть,3
твою,2
добраться,1
сути,3
твоей,1
чисто,3
обыденной,1
глубоком,1
раздумье,1
удается,2
разделить,2
появляешься,2
прекрасна,2
волосы,3
распускаешь,1
исчезаешь,1
ними,3
ускользаешь,1
куда-то,1
куда,7
мужчине,1
доступа,1
там,10
наверно,2
заклинаешь,1
естественность,3
далек,2
нее,5
десятки,2
связей,2
порвались,2
взглядом,3
делом,2
желанием,2
исполнением,2
вас,11
приглашу,3
келью,2
полную,2
книг,4
бумаге,1
произошло,1
назад,3
воробьи,2
чирикают,1
подошве,1
лужам,1
листьям,2
углубляясь,2
туннели,1
декабря,2
становятся,4
собранней,1
боятся,1
навсегда,3
исчезаю,7
весне,7
толпе,3
лужах,2
синеве,2
ищите,2
ласточки,2
проводах,1
балконах,1
маляры,1
штукатурщицы,1
заглядывают,1
ко,7
отчего,2
поздно,1
просыпаюсь,1
окружен,1
книгами,1
часами,1
все-таки,6
водителем,1
троллейбуса,1
вместо,3
названий,1
остановок,1
буду,2
читать,4
свои,5
старый,1
рембрандт,1
подозревает,1
рвется,2
подкладка,1
мог,3
запросто,2
жить,2
этот,17
странный,3
обычай,2
присваивать,1
имена,1
номера,1
уйду,1
разве,3
найдут,1
незримый,2
разъяренный,1
зверь,1
рычит,1
темноте,1
ночных,1
аэродромов,1
требует,1
властно,1
нашей,5
плоти,2
нервов,1
поисках,2
забрел,1
помине,1
узбека,1
снимают,1
ботинки,1
комнате,5
вонь,1
наподобие,1
удушливого,1
газа,1
прошел,4
роз,1
центральном,1
базаре,1
бухарские,2
аисты,4
добрые,2
базаром,1
чайханой,1
чай,1
белые-белые,1
посидев,2
коврах,2
потянув,1
пиалу,1
пиалой,1
побежишь,1
изобретать,1
ракету,1
зато,3
погрузишься,1
дремоту,1
невзначай,1
прикоснешься,1
моторы,2
собранные,1
одно,15
отличить,1
работу,5
уголовника,1
работы,7
вхожу,2
эстонию,4
опаской,2
море,3
долго,8
вдалеке,1
чудо,3
волны,2
подхватывают,1
доверяю,2
чистейшему,1
звуку,2
мечту,2
судьбу,1
устаю,1
единственной,1
тролейбусы,1
кони,1
спят,1
ногах,1
уединенная,1
улочка,1
сновидений,1
троллейбусов,1
дорога,3
храню,2
разных,6
уголках,1
дай,2
бог,6
вы,30
встретились,2
бездомная,2
собака,2
приноравливается,1
ходьбе,1
вид,4
невидимом,1
поводке,2
отворачивается,1
постепенно,4
отстает,1
пустыре,3
то,55
дело,5
возникают,3
отрешенные,2
фигуры,2
гуляющих,2
собаками,2
спасибо,4
вам,10
псы,2
выволакивающие,2
суеты,2
при,14
важничал,1
скромный,2
незаметный,1
лежа,1
гробу,1
него,11
согбенного,1
обнаружился,1
орлиный,1
профиль,1
схожий,1
теми,5
чеканят,1
монетах,1
далеко,4
опрокинутом,1
бинокле,1
живет,5
мама,5
деревянном,6
доме,7
возвращается,1
вечером,5
холодную,1
комнату,9
привычно,1
пошарив,1
пустом,1
почтовом,1
ящике,1
вешая,4
пеленки,5
балконе,2
останавливаешься,2
ошеломленный,2
мирозданием,2
кончиков,3
пальцев,3
мерцает,3
звезда,6
н,11
м,6
кончается,4
ледниковый,2
период,9
скажи,1
дыханием,3
растопить,1
айсберги,1
июльских,4
травах,4
еле,5
мелькают,2
звонко,2
хохочет,2
малыш,2
золотое,4
облачко,3
поплыло,2
окна,2
засветлели,2
стены,5
комнаты,2
крылечке,2
женушка,2
взять,5
заполняющих,1
площади,1
каждого,1
бабочкой,2
оконными,1
рамами,1
бьется,1
добрый,4
такого,5
живо,3
слопают,2
бульдожью,1
хватку,1
вывожу,1
гулять,1
пес,2
грациозно,1
поднимает,1
лапу,1
скрипач,1
смычок,1
польются,1
дивно,1
звуки,2
полнокровный,1
современник,2
зубаст,1
мордаст,1
клыкаст,1
годовые,10
кольца,10
толпой,4
перекошенными,2
лицами,2
работая,3
локтями,2
ринулись,2
приобщиться,2
злобе,5
каторжник,2
тачке,2
цепью,3
прикованы,3
времени,7
чудеса,2
перестройки,3
да,6
бессловесные,2
рабы,2
мгновение,2
ока,2
превратились,2
крикливых,2
хамов,2
аж,2
накалилась,2
злобы,2
крапива,1
нет-нет,1
прожжет,1
насквозь,1
младенчески,1
невинна,1
алчной,1
сатанинской,1
бессмертной,1
злобой,1
людской,1
сиротливо,2
чернеют,2
ребра,1
купола,6
колокольне,1
покосившийся,1
крест,2
внизу,1
тем,19
своим,10
чередом,1
мальчишки,1
играют,5
войну,2
пастух,1
матюгаясь,1
щелкает,1
кнутом,1
бабы,1
мешками,1
спешат,1
сельмаг,1
скособоченной,1
другую,1
сторону,3
доске,1
объявлений,1
афиша,1
кино,2
интердевочка,1
старушки,3
одна,5
клещ,1
впивается,1
тело,2
кровь,1
другая,1
весела,2
легка,3
солнечный,7
лучик,4
страшнейшая,3
осад,3
осада,2
нищеты,3
гнилые,1
нити,1
рвутся,1
шрапнель,1
кажется,10
само,3
прогнило,1
порвется,1
заботами,4
заслонили,3
молитва,5
сил,1
противиться,1
злу,1
защитить,1
малых,1
милую,1
жену,1
маленькое,4
перышко,2
спускается,1
капли,4
дождя,3
света,3
потемневших,1
ветвях,1
яблони,1
пору,2
затяжных,1
дождей,1
много,21
человеку,2
краюха,1
хлеба,3
кружка,1
молока,1
светлый,1
безмятежные,3
читаю,1
дельвига,1
чистые,1
поцелуй,1
ребенка,3
цивилизация,2
возведенная,1
липкой,1
предсмертных,1
хрипах,1
животных,1
бойне,2
сама,3
скатывается,1
двое,2
ружьями,1
собакой,2
начали,1
медленно,5
приближаться,1
каково,1
диким,1
уткам,1
крупные,4
живые,3
таинственный,2
чертеж,2
начинает,6
язык,5
увы,2
племя,1
человеческое,1
забыло,1
наполнен,3
золотым,1
отсветом,1
осенней,2
листвы,3
невдалеке,1
храма,1
осень,2
березы,8
тоненькие,1
свечи,1
загорелись,1
полем,1
больнее,3
врезаются,2
душу,4
страна,3
бесконечных,1
очередей,1
змеи,2
лаокоона,1
обвили,1
давят,1
горло,1
ржавая,3
кольчуга,3
дон,4
кихота,2
прямо,3
держаться,1
дает,2
усталости,1
упасть,2
ваших,6
подлостей,3
отлучены,2
наших,5
ценить,2
каждый,7
миг,6
быть,18
детишками,2
копать,3
устав,2
поднять,2
замереть,2
вероятно,4
предназначение,3
рублевская,5
синь,8
просвет,3
темных,4
тучах,3
налетел,2
вихрь,1
осыпал,1
метелью,1
листопада,1
говорят,4
тютчев,1
спасся,1
прикинулся,1
всеми,9
вытекающими,4
последствиями,4
маму,4
встречу,2
страшные,2
могила,3
крепким,3
замком,3
границы,3
писать,5
примерно,3
самое,3
сигналы,1
безмолвный,2
космос,1
существующим,1
братьям,1
разуму,1
род,3
родом,2
цветет,1
быстро,1
бросает,2
семя,1
цель,3
зерна,2
сеятель,3
размашисто,1
шагает,1
соли,1
хлебное,1
поле,4
зарастает,1
бурьяном,1
сердцах,3
буйствует,1
чертополох,1
отнять,3
нельзя,4
молитву,1
внимательно,6
улыбнуться,1
земляника,1
покажется,1
та,4
далекая,2
березовая,2
роща,3
всю,2
зиму,1
спасала,2
светом,3
увидеться,1
ней,12
удалось,2
гербовые,1
заботы,3
писал,12
пушкин,9
дерпт,1
языкову,1
тиха,2
слышит,5
голос,7
заглушенный,2
перебираю,3
свое,8
богатство,5
играющие,2
красками,3
радуги,2
ожидания,2
натянута,1
басок,1
шмеля,2
началом,1
неведомого,2
разговора,1
клен,2
освободил,1
из-под,1
упавшего,1
дерева,4
знак,2
благодарности,1
выпрямившись,1
укрыл,1
посторонних,1
взглядов,3
пространство,2
искривлены,1
коммунальной,1
квартире,1
замечаешь,1
сразу,6
выходишь,1
солидность,2
ведь,16
сущности,2
хотите,4
примерка,1
гроба,1
по-русски,4
называются,1
белые,2
ягоды,1
узнал,1
по-эстонски,1
забыл,5
умерла,1
превращаются,2
роботов,1
выдает,1
серый,1
металлический,1
блеск,1
электричке,2
пестрой,1
цыган,1
крику,1
вольер,1
попугаями,1
какаду,1
пишутся,1
как-то,6
воздухе,1
шестом,1
этаже,1
греют,1
карие,1
статные,1
сыновья,1
переросли,1
горбатая,1
злоба,1
копошится,1
конце,5
коридора,1
лето,4
обрушивает,1
водопады,2
живительного,1
зеленого,1
лечит,1
раны,3
огромными,1
блюдца,1
листьями,2
подорожника,1
очиститься,3
помолодеть,1
душой,1
розовой,1
пене,1
цветущих,2
яблонь,1
памятник,2
уютная,1
какая-то,4
домашняя,1
зелень,1
бронзы,1
пушкина,12
слилась,1
лепетом,1
бульваров,1
рощ,1
неизъяснимую,1
прелесть,4
находишь,1
серой,1
пелене,1
приглушенное,1
мерцание,1
жемчуг,1
средней,1
полосы,1
мечта,2
читал,4
какой-нибудь,2
строчки,1
летучий,1
след,3
острого,1
ногтя,1
отчаянный,2
листьев,1
осины,2
эолова,1
арфа,1
лесов,1
оранжевый,2
нечаянно,1
запутался,1
ресницах,1
воспоминания,2
отъездом,1
утопил,1
мешке,1
нашу,1
кошку,1
мурку,1
чувствовал,1
ответе,1
хотел,5
кошка,2
мыкалась,1
голодная,1
вернулся,1
дрожали,1
учила,1
купания,1
сперва,2
надевай,1
теплую,1
майку,1
трусы,1
простудишься,1
продолжает,1
заботиться,1
обо,2
принесла,1
сада,2
поставила,1
стол,1
почувствовал,2
ранимее,1
попросил,1
унести,1
глядя,4
поздние,2
обезьяньи,2
выверты,2
именитых,2
молю,1
бога,2
даровал,1
достойную,1
старость,1
вспоминаю,2
синих,2
глаз,1
причиняет,1
рвать,1
паутину,1
опутавшую,1
ту,4
лесной,1
тропинке,1
аллея,2
золотистых,2
берез,2
светится,1
спряталось,1
заморозков,2
цветке,2
шиповника,1
заблестела,1
слеза,1
искусство,6
лукавый,1
растворитель,1
душ,2
настежь,1
мечтал,2
пророком,1
побивают,1
каменьями,1
сколько,6
часов,2
подземном,1
переходе,2
эта,12
старушка,1
протянутой,1
оцепенев,1
живым,1
изваянием,1
горя,1
погасить,3
крутой,2
вал,2
зла,2
хрупкое,3
сердце,7
волнолом,2
старом,4
сижу,1
столом,1
получить,2
грамм,2
чистого,2
кресты,3
зажглись,1
утреннем,1
ослепляя,1
сиянием,1
далекий,2
отблеск,1
божественного,1
сияния,1
горе,1
открылось,1
избранникам,1
царства,1
небесного,1
просияло,1
одежды,1
сделались,1
белыми,1
пречистая,3
божья,2
матерь,2
излей,2
твой,4
небесный,2
елей,3
гнойные,2
россии,10
великой,1
шевелится,1
губ,1
отчаянии,1
услышит,1
благодарю,3
боже,2
залитый,2
солнцем,4
переводы,8
эстонского,6
пауль-эрик,1
руммо,2
посмотри,2
ликующего,2
жаворонка,2
напоминает,2
нотный,1
линиях,1
держится,1
крылья,1
неподвижны,1
песней,2
вполголоса,2
мимолетна,1
говорила,6
девочка,5
морю,1
ой,5
делать,6
вечное,1
прозрачна,1
окну,1
видны,1
открываюсь,1
пороге,1
солнцу,2
преогромное,1
глупая,1
старцу,1
умные,1
цикла,6
кафе,3
маленького,3
городка,3
собаки,2
пусть,2
поднимет,1
остановится,1
виляя,1
хвостом,1
такси,1
тополиной,1
аллее,1
держась,1
поводок,1
длинная,3
высокий,3
телеграфный,1
столб,1
опрокинулось,1
виноград,2
опрокинулся,1
бочки,2
опрокинулись,2
бурдюки,2
луженные,1
глотки,1
стало,3
вином,1
вино-живописцами,1
неожиданность,1
другой,5
живописцы,1
стали,4
смешивали,1
самих,1
похлестче,1
палитры,1
кистями,1
кисти,2
палитрами,1
пошли,1
каруселью,1
холсты,2
превратился,1
забудьте,1
вначале,2
чудеснейшей,1
перегонки,1
брызжет,1
фонтаном,1
серое,1
вещество,1
трехмиллиардного,1
человечества,1
чокнулись,1
рембрант,1
шедевр,1
наполняет,1
хрустальный,1
бокал,1
привет,1
саскии,1
чем,23
батискаф,2
окунувшийся,1
невиданные,1
глубины,3
длинным,1
шлангом,1
дыма,1
стогны,1
древнего,1
атлантида,1
диоскурия,1
замки,1
захлебнулись,1
волнах,1
колокола,1
умолкли,1
эхо,1
чутко,1
помнит,2
звоне,1
ветренному,1
веры,1
крыши,3
обросли,1
кораллами,1
рыбы,1
прогуливаются,1
вдоль,1
тротуаров,1
переговариваясь,1
оживленно,1
морские,1
коньки,1
скачут,1
топота,1
уединившись,1
больная,1
одинокая,3
раковина,1
вынашивает,1
жемчужину,1
невероятное,1
обилие,1
солнц,2
свете,1
миллиона,1
иглокожих,1
течет,1
подводная,1
дым,1
пуповина,1
петля,1
шее,1
вьющаяся,1
призывно,1
тугая,1
знаешь,4
милая,3
задумали,2
ростки,4
картофеля,3
нашем,1
подвале,2
боюсь,2
скоро,1
бледные,1
пики,1
пробьют,1
этажи,1
щепки,2
разрежут,1
провода,1
сетки,1
ходим,3
базар,1
свободу,2
овощам,1
потревожат,1
сны,1
пыльных,1
игрушек,1
нашего,5
черепичной,1
крыше,1
разбушуются,1
антеннами,1
знаменем,1
подпольные,1
сих,2
носилках,2
везут,2
истекающее,1
кровью,1
становится,9
алым,2
разрешите,2
посидим,1
камне,2
подождем,2
лучшего,1
трудная,2
операция,1
можете,1
беспокоиться,1
оно,13
непременно,2
поднимется,1
знаем,4
верим,1
бабка,4
вяжет,3
котенок,3
играя,1
разматывает,1
клубок,1
полу,1
разматываются,1
лесные,1
тропы,4
застланные,1
сосновыми,1
иглами,1
грибные,1
тихие,1
муравьиные,1
тайные,1
ежей,1
стволам,1
смолистым,1
бревенчатым,1
стенам,1
молниями,1
белки,1
снуют,1
мальчик,3
девочкой,2
взявшись,3
иначе,3
белка,1
муравей,1
ежом,1
дремлет,1
очнется,1
кричит,1
им,8
вдогонку,1
заходите,1
слишком,4
смыкаю,1
вижу,2
наяву,1
рассказал,1
пасечник,1
двадцати,4
пяти,2
ульях,1
сгоревших,1
дотла,1
действительный,1
действительно,7
сгоревшие,1
ульи,1
стихотворение,33
стихотворении,37
содержание,2
прояснилось,1
жду,3
проясняется,1
подтекст,1
глубинный,2
образы,1
раскаленные,1
добела,1
грабли,1
испепеляющие,1
веюреск,1
огненная,1
пила,1
разьяренными,1
зубьями,1
искромсанные,1
соты,2
мед,2
горит,1
загорается,1
обезумевшие,1
пчелы,1
жалят,2
погибают,1
порхание,1
серых,1
бабочек,2
пепла,1
дальних,1
лугов,1
вернется,1
разведчик,1
важную,1
весть,1
танцевать,1
найдены,1
небывалые,1
замешательстве,1
зная,1
станцевать,1
случилось,1
ответить,2
спросит,1
думая,3
юхане,1
лийве,2
вовсе,5
падение,1
хлопьев,1
снега,3
озеро,6
таяние,1
медленное,1
оледенение,1
треск,2
серыми,2
решетками,1
осин,1
лесу,4
выдержало,1
морозным,2
небом,3
ого,1
петушок,1
стучит,1
изнутри,2
сердца,9
скорлупу,1
выпячивает,1
грудь,1
муж,1
телевышкой,1
болоте,1
горной,1
вершиной,2
низинах,1
имя,5
скучной,1
самой,5
будничной,1
череды,1
заклинаю,1
этого,11
мифа,2
гордого,2
великого,2
давайте,1
создавать,3
миф,1
гордый,1
великий,3
озябшее,1
хлопьями,1
валит,2
снег,8
старающееся,1
беречься,1
ото,1
льда,2
беречь,3
своем,4
единственном,1
зеркале,1
едины,2
лес,3
озере,2
озером,1
сердцевина,1
крышка,1
молчаливым,1
по-траурному,1
белым,1
юхан,1
лийв,3
-,11
крупнейший,1
эстонский,2
зимнее,4
мелькание,2
холода,1
телеэкранов,1
некой,3
стране,3
большой-маленькой,2
неком,2
большом-маленьком,2
окне,3
цветок,6
поделаешь,1
сажа,1
труб,1
садится,1
летнее,1
захлопнувшихся,1
холодильников,1
здравствуй,1
яан,2
каплинский,2
читая,3
ду,2
фу,2
очень,30
умел,2
играть,2
свирели,2
персики,1
изнемогали,1
цвету,1
обрывок,1
мелодии,1
лепесток,1
крик,1
обезьян,1
рекой,1
бабочка,1
реку,1
погибла,1
старик,1
греб,1
ладье,1
отражение,1
юноша,2
девушкой,2
гребли,1
сказали,2
заглянули,1
другу,4
тысячи,1
видели,1
белую,1
бабочку,1
полете,2
темной,3
песенки,3
двух,10
осеней,2
пели,3
пела,2
багрового,1
берега,1
верхушками,1
кузнечики,1
лилась,1
песнь,1
нахлынувших,1
сумерках,3
почудилось,1
любовь,7
могла,1
сна,2
яблоки,3
нескошенную,1
траву,1
нежась,1
песках,1
заметило,1
удалились,1
останусь,1
дела,2
ради,1
чего,6
идущим,1
несть,1
числа,1
останавливаются,1
считанные,2
остающихся,1
постелешь,1
дороге,3
будешь,1
втоптан,1
подошвами,1
завтрашних,1
путников,1
размышляла,1
казаритса,1
колышусь,1
спелым,1
ячменем,1
осталось,1
вчерашнего,2
утомленных,1
кленах,2
следы,2
багровые,1
людях,2
яблоко,1
яблоню,1
надвигаются,2
пескам,1
скалы,1
хвалу,1
заре,1
ящерицы,1
ныряют,1
дюнах,1
убегают,1
остается,3
наедине,1
начале,8
разваливаются,1
набегающих,1
ветров,1
берегов,1
клевер,4
знает,3
спрашивают,1
скажу,1
белого,1
клевера,1
кости,1
оловянные,1
стирает,1
соснах,1
стебелек,1
трилистник,1
сын,5
святой,1
сыпучие,1
иглы,3
треплет,1
кору,1
алое,1
вопрос,4
зеленое,1
ответ,3
зря,3
старался,4
внушить,2
закрыв,1
стоишь,1
автобусе,1
трясущемся,1
мост,1
выйду,1
накрепко,1
стиснутый,1
другими,2
жителями,1
заречья,1
кое-кто,1
наверное,4
тоже,16
мешок,1
наполненный,1
горохом,1
взглянул,3
дремала,1
рыжая,1
золотились,1
пыльцы,1
взглянуть,1
очках,1
голубыми,2
звездами,2
стынет,2
старая,1
баня,1
субботняя,1
лунным,1
залита,1
оледеневшая,1
метла,1
крыльца,1
темнеет,2
приводят,1
садика,1
невиданно,1
разросся,1
здания,1
автомобили,2
такие,9
громадные,2
такое,5
множество,1
махонькие,2
прежде,12
люльке,1
платке,1
спине,1
мамы,6
вырастали,1
выше,4
голов,1
огненной,1
утлых,1
лодчонках,1
студеном,1
варшавы,1
идущие,1
газовые,1
камеры,1
тарту,2
завьюженных,1
вырастает,1
быстрее,1
спрашиваете,1
должны,3
отвечать,1
простите,1
солжем,1
лгали,1
начинается,2
начала,4
махонькое,1
ездят,1
тяжелые,1
парни,2
кулаками,1
дробят,1
зубы,1
самолеты,1
небе,4
покоя,1
завьженная,1
вопросов,1
зимним,1
днем,3
солнцеворота,1
упавший,1
зашло,1
идешь,2
портфеле,2
буханка,1
черного,2
восемьдесят,2
лет,17
работал,6
профессор,5
судзуки,2
встал,2
ушел,2
бумага,1
первоначальной,1
белизны,1
открывает,5
улыбается,1
улыбка,2
разом,1
преобразить,1
бесповоротно,1
насовсем,1
вийви,2
луйк,2
милый,3
была,11
невнимательна,2
вчера,2
выпал,1
чайки,1
зябли,1
чибис,1
чуть,8
погиб,1
увлеклась,1
желтой,1
королевском,1
продавец,2
песен,3
звонких,1
монет,1
сулит,1
снегопад,1
подул,2
ветерок,2
мало,12
шмель,2
гляди,2
побывал,1
каждом,1
львиного,1
зева,1
меди,2
позеленевшей,1
тронь,2
удивительную,1
обитель,1
меда,1
мха,1
тишина,1
любит,2
говори,1
языке,5
идущих,1
снежинок,1
джонни,3
б,5
изотамм,2
бившийся,1
лбом,1
об,9
стену,1
брови,1
расквасивший,1
прохлаждающийся,1
спину,1
почесывающий,1
завтра,2
восседающий,1
верхотуре,1
важный,1
отвратительный,1
жирный,1
тоомас,2
уж,3
ей,8
захотелось,3
однажды,4
давным-давно,1
жила-была,1
принцесса,1
любила,2
знала,2
принцессы,1
едят,1
сами,4
прекрасный,1
превратилась,1
весной,1
растаяла,1
всегда,18
искать,1
принцессу,2
бегущие,1
воды,3
вспоминаешь,1
странную,1
энн,2
ветемаа,2
бедная,2
бесконечность,2
тоскуешь,1
озябнув,1
краем,1
галактики,1
ванильным,1
крендельком,1
руке,2
вихрастого,1
мальчугана,1
хочется,4
одиноко,2
прильнуть,2
теплой,2
таинственной,1
печи,5
дышит,2
ласково,1
странно,3
печь,2
немножечко,2
вернуться,2
ним,1
думаем,2
прекрасные,1
печальные,2
детские,1
думы,1
птицах,1
холодном,1
ночном,1
темно-синем,1
бескрайнем,1
высокими,2
трубами,1
этих,5
птиц,1
посиневшие,1
пальцы,1
бедные,2
беспечные,1
матс,2
траат,2
харалаские,1
жизнеописания,1
вивика,2
ждали,1
осенью,3
немецкий,2
солдат,1
ногой,1
ударил,1
рванулась,1
положили,1
сырую,1
мрачную,1
люльку,1
ветры,2
знаете,2
пахнет,1
качели,1
скрипят,1
учебник,2
возьмите,1
шпиль,1
залитые,1
каменистые,1
поля,3
березовые,2
ивовые,1
ветви,1
розги,1
угасающих,1
алую,1
полоску,1
зари,1
бесконечно,2
получите,1
историю,1
воспоминание,3
лете,2
должно,2
мраморный,2
умалишенный,1
полосатой,1
рубахе,1
травы,2
доказать,1
того,15
другого,1
молчу,1
заря,1
прикасается,1
лбу,1
гребнем,1
расчесывает,1
вихры,1
пока,6
встаю,1
лестнице,1
кличет,1
будь,1
сорвал,1
подарил,1
каменный,1
прекрасной,1
продавщице,1
нахлынувший,1
неуловимый,1
сказка,2
придуманном,1
домике,1
жила,1
придуманная,2
девушка,3
варила,1
придуманные,3
кушанья,1
вязала,1
варежки,1
напевала,1
своему,3
придуманному,1
милому,1
придуманный,1
пал,1
придуманной,1
войне,1
выплакала,1
настоящие,2
концом,1
застенчивость,2
скотине,1
ломоте,1
костях,1
старухи,1
судачят,1
уныло,1
напролет,1
птица,1
плачет,1
кровати,2
воспоминаний,1
канул,1
сеновал,1
девичества,1
папортник,1
расцвел,1
землистое,1
озабоченное,1
пламя,1
тлеет,1
узнают,1
кидают,1
горсть,1
путника,2
стоим,1
развилки,1
дорог,1
дороги,3
ведут,1
либо,2
пропасть,3
залитую,1
долину,1
долине,1
затаенная,1
дне,1
пропасти,1
рассеяны,1
идем,2
котомке,1
краюху,1
записку,1
любимой,2
александр,2
сууман,2
бледная,2
желтизна,2
развевает,1
свету,3
грустно,2
бледную,1
желтизну,1
развеваемые,1
ветром,2
каждым,1
мазком,1
удаляюсь,1
грустью,2
пришло,1
беспокойство,1
грусть,2
полотне,1
зашелестела,1
береза,3
развеваемыми,1
исходит,1
полотна,1
сильна,1
доставляет,1
радость,6
смех,4
твоих,3
белых,2
зубов,3
ландышей,1
перезвон,1
орешником,1
взял,7
елями,1
кружит,1
осторожно,1
курлы-курлы,1
низкого,1
рябиной,1
стояла,2
биби,1
уместилось,1
руках,3
нарисовал,2
лесом,1
солнышко,1
вошедшие,2
рукопись,6
сборник,6
стихов,19
толкаюсь,2
сутолоке,2
площадей,2
спускаюсь,1
переходы,1
езжу,1
троллейбусах,1
вечно,2
пятам,1
отставая,1
шаг,2
боли,1
жажду,1
понять,2
отделиться,1
стороны,5
научился,2
узнавать,2
одиноких,2
углубленно,1
слушая,1
грустную,1
забываясь,1
какой-то,6
затаенной,1
мечте,1
спохватившись,1
оглядываются,1
выдали,1
греться,1
солнышке,1
виду,6
неприступные,1
крепости,1
всякий,1
ведает,1
смятения,1
стенами,1
каждая,4
клетка,2
жива,3
ожиданием,1
чуда,1
случится,1
вечерам,1
остаемся,1
одни,1
лампа,1
чернеющие,1
углы,1
исчезли,1
призраки,1
делали,1
песчинка,4
молодым,2
надменным,1
кирпичом,1
дворца,1
презирал,1
жалкий,1
люд,1
копошащийся,1
мастерских,1
шумный,1
трепетала,1
птаха,1
белом,1
слоне,1
туче,1
величественно,1
покачивался,1
царь,1
-дорогу,1
властителю,1
вселенной,1
всемогущему,1
сыну,1
крепки,1
топоры,1
остры,1
речи,7
сладки,1
казалось,6
обмакиваю,2
кисть,2
густые,1
краски,1
долгие,1
зимние,1
вечера,6
слава,3
нужна,4
настольную,1
лампу,1
умную,1
книгу,8
далекого,1
тянуть,1
вино,1
ну,2
рушится,1
тесно,4
счастливый,2
облик,1
твоего,4
избранника,1
покамест,1
маячит,1
звуках,1
плечо,3
губы,1
счастье,2
медлю,1
скажешь,1
тропой,1
беды,1
уносит,1
затоптаны,1
обе,2
дорожки,1
троллейбусе,2
оледеневшими,1
стеклами,1
трем,1
рукавицей,1
растапливаем,1
крохотную,1
вручаем,1
входящим,1
морозы,1
причиняем,2
кому,3
другим,2
безразличны,1
сборника,3
тополиный,2
летит,3
солидного,1
учреждения,1
нежность,4
опасно,1
машинистка,1
забыться,1
вспомнив,1
молодость,1
перестать,1
большой,7
начальник,1
загрустить,1
сосен,2
черте,1
покрываются,2
копотью,1
черт,1
дышим,1
ресницы,1
черной,1
краской,1
придешь,3
буря,2
гром,1
землятрясение,1
лужи,1
листопад,1
золотыми,1
рыбками,1
черным,1
углем,1
разрывы,3
бомб,3
далеком,2
вьетнаме,2
аукнутся,1
уродством,2
лиц,2
зданий,2
рабочем,2
общежитии,2
история,1
движется,1
заглядывает,1
серые,1
сюда,2
бутылка,1
приходит,5
проще,1
книга,12
ощупывают,1
руками,1
неисчерпаемые,1
мускулы,1
рубашкой,1
неизданные,5
добывать,1
уведу,2
невест,1
прочитав,1
спать,1
вами,2
господи,2
беден,2
нечем,1
улыбку,4
делаю,1
улыбки,2
умирает,1
предпраздничное,1
настроение,1
гений,1
добычи,1
снует,1
возбужденно,1
туда,1
выбросили,1
заграничное,1
октябрь,3
подбитые,1
лапками,1
магазине,2
книжку,1
взяли,1
торгуют,1
унитазами,1
намного,1
доходнее,1
г,11
корежат,1
лень,1
прошу,1
прими,1
болячки,1
вылечи,1
сражаюсь,1
крапивой,1
палка,1
рапира,1
гамлета,1
переношу,1
сарай,1
моих,2
пахучие,1
похожие,1
свежим,1
медом,1
застыть,1
уходят,2
поезда,1
яблочка,2
спрятала,1
свитерком,1
лукаво,1
улыбнулась,1
собирая,2
обретаешь,1
волю,1
троица,4
рублева,6
беспричинная,2
разлита,2
фигурах,2
узнаю,2
ангелы,2
поэты,6
кроме,6
певучести,1
шеи,1
милых,1
завитков,1
этой,4
старинной,1
смешной,1
лампы,1
угрюмого,1
стола,1
мурлычут,1
передать,4
скрипки,2
невидимой,3
ласке,1
подставив,1
пущенный,1
рогатки,1
хулигана,1
просвистел,1
полчаса,1
старуха,1
соседка,1
шушукалась,1
шпаной,1
осколок,1
дикой,2
пролетел,1
поневоле,2
заглядываешь,1
пристально,1
затаился,1
грядущий,1
хунвэйбин,1
лилипуты,2
опутали,1
гулливера,1
малейшей,3
попытке,1
освободиться,1
веревки,1
туже,1
врезались,1
думал,1
настоянный,2
аромат,3
лекарственной,1
ромашки,1
наполнить,2
уезжаем,3
таинственно,2
продолжают,4
наливаться,2
ветки,1
наклоняются,1
ближе,2
седину,2
разглядишь,2
вишен,1
березовый,2
оторвался,1
облетевшая,2
статуя,1
белеет,1
опушке,1
смелым,2
будучи,2
осторожным,1
невозможным,1
получается,1
тощего,2
кошелька,2
силой,2
сверхмощного,1
насоса,1
вытягиваются,1
последние,4
гроши,1
чью-то,1
гигантскую,1
мошну,1
скуп,1
чувства,7
воочию,1
видел,2
молчаливая,1
добротность,1
превращалась,1
доброту,1
загорелые,2
ослепительно,1
синие,1
летом,1
яснее,2
душе,9
всякой,2
нечисти,1
лезет,1
извне,1
образ,8
зверя,2
несешь,1
иосифу,1
бродскому,1
написаны,2
гипсовой,2
маской,2
голым,2
черепом,2
которой,8
равно,2
точке,2
глобуса,2
обитать,2
презирая,2
живых,3
садятся,1
обедать,1
голодных,1
витают,1
сиротливостью,2
веет,1
прозрачной,1
кроне,1
желтые,1
мазки,1
невидимого,1
художника,1
редки,2
минуты,2
осенний,1
никуда,1
торопишься,1
легчайшее,2
дуновение,2
ветра,2
бесконечный,1
шелестящий,1
лепет,1
леденящем,1
холоде,1
вспыхнуть,1
разгореться,1
остатка,1
пламенем,1
куст,1
слышный,2
шелест,1
гул,1
прибоя,1
мужчина,2
скрипкой,3
вошел,2
гастроном,1
щемящая,1
жалость,1
возникла,4
нему,3
нелепо,4
выглядел,1
прилавков,1
толкотни,1
морщины,2
застыли,1
рта,1
остатки,1
добродушной,1
глубокой,1
скорби,2
долгих,2
странствий,2
возвратился,2
дышится,2
статьи,7
размышляя,5
верлибре,21
блока,12
февраля,2
час,1
истории,4
свободного,13
стиха,25
александру,1
блоку,2
приходили,1
гостьи,1
гимназистка,1
елизавета,1
пиленко,1
будущая,1
поэтесса,1
кузьмина-караваева,1
монахиня,1
мария,1
актриса,1
наталья,2
волохова,4
блок,13
посвятил,1
верлибру,6
знаменитейшие,1
классические,1
стоите,5
моем,5
мороза,17
настолько,3
несхожие,1
относятся,1
разным,3
этапам,1
эволюции,2
одновременно,2
явно,2
экспериментальные,1
по-блоковски,1
гениальные,1
данном,4
случае,8
интересует,1
наиболее,9
ярко,2
проявились,1
причины,4
прихода,2
свободному,1
стиху,1
особенности,2
поэтики,5
обращенном,1
пятнадцатилетней,1
девушке,5
влюбленной,1
заблудившейся,1
лабиринтах,1
заимствованной,1
литературной,6
книжных,1
трагедий,1
размышлений,1
смерти,3
настоящую,1
случайно,7
прибегает,2
стихотворной,2
форме,7
резко,3
отталкивающейся,1
условности,4
отказываясь,1
метра,1
рифмы,3
музыкальной,2
напевности,1
добивается,1
всяких,3
помех,2
отвлекающих,3
факторов,3
звучал,2
живой,5
естественный,2
человеческий,2
атмосфера,2
доверительной,3
беседы,3
говорите,1
печальном,1
размышляйте,1
концах,1
началах,1
смею,1
думать,2
пятнадцать,2
влюбились,1
простого,1
рифмованные,1
нерифмованные,1
мудрого,1
благородного,1
звучит,5
отчетливо,1
нюансах,1
переливах,1
кажется-,1
невольно,4
подслушал,1
юной,2
собеседницей,1
замечу,1
скобках,2
голосе,1
слышится,2
большая,2
доброта,3
прячет,1
казаться,3
навязчивым,1
тон,1
лишен,1
наставительности,1
нужен,1
самому,2
меньше,2
накопилось,1
немало,4
литературных,1
ядов,1
признается,1
сочинитель,1
называющий,1
отнимающий,1
живого,1
цветка,2
везде,1
блок-лирик,1
беспощадно,2
правдив,1
отношению,1
предельная,2
искренность,1
одной,10
важнейшей,1
гранью,1
невозможно,2
решение,1
главной,1
художественной,2
задачи,2
порвать,1
фальшью,1
искусственностью,1
возвратиться,1
естественности,1
подлинной,3
иерархии,1
человеческих,2
ценностей,1
завесы,1
литературности,1
прорваться,1
настоящему,2
именно,14
суть,1
полвека,1
уитмен,4
знаменитым,1
образцы,1
образцом,1
служили,1
ухоженные,1
цветники,1
природа,2
цветников,1
предостаточно,1
имею,3
букву,1
божественную,1
сущность,2
вернее,2
разговору,1
другом,2
замечательном,1
приступаю,1
робостью,1
том,24
простое,1
действительности,2
сложное,2
многопла,1
новое,3
полифоническое,1
ощущается,2
непринужденно,1
неуловимо,1
логическому,1
разбору,1
буквально,5
ухватиться,1
некоторые,9
выводы,1
отличие,4
подчеркнуто,2
дисгармоничного,1
большое,2
внимание,4
уделяет,1
гармоническому,1
началу,1
явной,1
подспудной,1
проявляющейся,1
исподволь,1
эпизодически,1
открыто,3
прорывается,1
поверхность,2
строках,6
наполнила,7
ароматом,3
воздуха,3
духов,3
звонким,4
голосом,4
несомненно,2
присутствует,3
прозаическое,1
свидетельствует,3
ряд,2
громоздких,1
строк,10
малопоэтичными,1
деталями,1
концентрированно,1
взгляд,10
содержанию,5
выразилось,1
оказалось,4
пестрый,4
кот,4
лепится,3
краю,2
подстерегая,3
целующихся,3
голубей,3
глубоким,1
знатоком,1
заметить,2
насколько,3
разительно,3
отличаются,2
отрывка,1
верится,1
взяты,1
одного,8
первом,3
восхищением,1
тончайшее,1
благозвучие,1
согласных,3
поддерживается,1
протяжным,1
сквозным,1
ударных,4
гласных,4
оо-,1
аоо,2
оо,1
про,2
кота,2
подстерегающего,1
фраза,2
синтаксически,1
построена,2
использованием,1
деепричастия,1
причастия,1
настоящего,1
вводного,1
подходящих,1
поэтической,10
выразительности,3
полюса,1
центра,3
условно,5
назвать,5
гармоническим,1
прозаическим,1
противоборство,1
отталкивание,1
притягивание,1
взаимопроникновение,1
капле,1
отразилась,1
сложность,1
двойственность,1
отношения,1
наталье,1
волоховой,5
драматической,1
актрисе,1
театра,1
комиссаржевской,1
пережил,1
бурное,1
увлечение,1
ею,4
обладала,1
большим,2
обаянием,1
властной,1
вле,1
кущей,1
неудержимо,1
увлекала,1
миллионы,1
бездн,1
снежный,2
костер,1
снежной,2
маски,2
разу,1
согревала,1
леденела,1
остыло,1
слышим,4
жалобы,1
стихах,19
проскальзывает,1
мотив,1
змеиности,1
красоты,2
страсть,2
видимо,5
некоторое,1
возобновилась,1
провел,1
безумный,1
год,10
шлейфа,1
цикле,1
заклятие,1
огнем,1
мраком,1
оставила,1
глубокий,1
переполненной,1
отзвуков,2
прошлого,1
таких,6
находим,5
приведу,1
простейший,1
пример,4
заката,1
снежная,2
дева,3
строки,23
ассоциативное,1
ряда,1
других,3
стихотворений,8
определенное,1
ключевое,1
приобщается,1
контексту,2
рассматриваемого,1
емким,1
прочим,2
названных,1
закрутили,1
ум,1
распяли,1
кресте,1
ноября,1
месяца,1
внутреннее,1
состояние,1
таково,1
впечатления,1
новой,2
встречи,2
преломились,1
поэтику,1
увидим,1
привело,1
существенные,1
видении,1
роковая,1
условная,1
вихрей,1
северная,1
дочь,1
живая,1
красивая,1
самоуверенная,1
взбалмошная,1
комета,1
ворвалась,1
рабочий,1
кабинет,1
раскрасневшаяся,2
совсем,4
неуважительной,2
занятиям,3
болтовней,5
немедленно,1
уронила,2
пол,3
толстый,5
журнала,9
сейчас,12
места,4
немножко,4
досадно,4
захотела,4
вслух,3
макбета,3
возможно,8
приход,2
сравнить,1
кометой,1
каким-нибудь,1
снарядом,1
шипящей,1
бомбой,1
разбросала,1
растормошила,1
поверхности,2
внешняя,1
линия,2
действий,3
вихрем,1
кабинете,1
находится,4
лирический,2
герой,1
незаметен,1
труд,2
обозначенный,1
неопределенно-пассивным,1
занятия,1
вторжением,2
полуслове,1
оборвала,1
приходится,3
глубин,1
вынырнуть,1
полагать,2
шлепнула,1
изрядным,1
шумом,1
естественная,2
реакция,1
досада,1
раздражение,1
внешнюю,1
внутреннюю,1
нагляднее,2
пред,1
ставить,1
виде,4
таблицы,2
двумя,2
параллельными,2
столбцами,2
заняло,1
попросила,1
вовремя,1
исправил,1
любил,3
эту,3
трагедию,1
шекспира,1
думаю,10
охотно,2
согласился,2
едва,3
дойдя,2
пузырей,2
волнения,5
заметил,4
волнуется,6
подошло,1
апогею,1
разделенные,1
далекие,1
едином,2
действии,2
чувстве,1
сливаются,1
отрезок,1
изобразить,1
волнуются,1
страницами,1
трогательной,1
идиллии,1
трудно,1
представить,1
выясняется,1
действительная,1
кульминационная,1
вершина,1
внешне,2
правдоподобный,1
ложный,1
гармония,3
обрисовало,1
воображение,1
оказались,1
видимостью,1
основанной,1
забавном,1
недоразумении,1
совпадения,1
слияния,1
линий,2
прохождение,1
явственнее,1
раньше,3
существуют,3
измерениях,1
неясно,1
героиня,1
коте,2
голубях,1
съесть,1
похоже,1
строфа,8
поворотна,1
примечательна,1
отношениях,1
развязка,1
завязанных,1
ранее,1
узлов,2
наткнувшись,1
твердое,1
мощный,1
сокрушавший,1
энергетический,1
заряд,2
дальше,2
удивляться,1
легкости,1
незаметности,1
высшего,1
поэтического,2
гармонического,1
съезжает,1
прозаическому,1
центру,1
помощью,4
множества,1
тончайших,1
уловимых,1
психологических,1
стилистических,1
интонационных,1
нюансов,3
бытовом,1
уровне,3
выглядит,1
забавным,1
случаем,1
полуанекдотом,1
могущим,1
вызвать,1
философском,1
сущностном,1
представляется,3
трагедией,1
трещиной,1
мироздании,1
поразительно,1
присутствуют,1
оба,3
взаимоисключающие,1
первое,2
журчит,1
придает,3
стихотворению,1
непосредственности,1
простодушия,1
глубине,1
временами,1
проступает,1
просвечивая,1
какими-то,2
гранями,1
восхищает,1
интонация,9
необыкновенно,1
гибка,1
богата,1
оттенками,1
выражая,1
иронию,2
самоиронию,1
неуловимая,1
жемчужность,1
основано,1
разговорной,3
интонации,7
создающей,1
иллюзию,2
задушевной,2
интонацию,2
лирической,2
повествовательной,1
оказывается,1
различного,2
рода,3
переливов,1
законченное,1
предложение,1
исключением,1
третьей,3
строфы,7
состоит,3
предложений,1
таким,3
образом,6
представляет,2
законченную,1
интонационную,1
волну,1
понижением,1
волн,1
пять,5
структуре,2
вряд,3
считать,2
случайным,1
количество,3
строфах,1
котором,4
обнаруживается,2
явная,1
математическая,1
зако,1
номерность,1
предоставило,1
дополнительные,1
возможности,4
тонкого,1
варьирования,1
интонацией,2
первые,3
семь,1
откуда,3
волна,2
хрустальных,1
сверкающих,2
брызгах,1
вспоминается,1
державинское,1
алмазна,1
сыплется,1
гора,1
менее,2
поэтических,1
деталей,1
ниже,2
вытягиваясь,1
длину,1
строке,9
приемы,1
интонирования,3
большинстве,1
неявны,1
останутся,1
незамеченными,1
остановлюсь,2
очевидных,1
выделение,1
первой,4
строфе,1
отдельную,1
строку,2
вносит,2
дополнительных,1
возникает,5
пауза,2
смысловом,2
отношении,3
выделяется,1
графически,1
вертикали,1
соотноситься,1
завершающим,1
предыдущую,1
контрастным,1
смыслу,2
результате,1
прочно,1
оседает,1
сознании,1
всяком,3
подсознании,1
читателя,9
вынесенные,1
заметное,1
ударное,1
место,4
конец,1
образуют,1
интонационный,2
курсив,1
смысловую,2
рифму,3
тут,6
суждено,1
улетучиться,1
самым,2
обнажить,1
одном,3
любопытном,1
явлении,1
хотелосъ,1
остановиться,2
встречается,2
стык,5
ударений,2
слога,2
промежуточных,1
безударных,1
стоят,3
содействует,1
благозвучию,1
встряхивает,1
толчок,1
обостряет,2
думается,2
ключевых,1
фразах,1
паоло,6
франчески,5
также,5
замедляет,1
некую,2
значительность,1
трех,6
подобных,1
стыков,1
целых,1
беглому,1
произнесению,1
поддается,2
синтаксический,1
последовавшие,1
деепричастие,1
причастие,1
целом,4
нетрудно,1
убедиться,1
важная,1
предпоследняя,1
произносится,1
медленнее,1
скажем,1
третья,3
характерная,1
особенность,3
мягкость,1
плавность,1
отсутствие,4
нажима,1
жесткости,1
вызвано,1
действие,2
атмосфере,1
насыщенной,1
многими,1
чертами,1
развенчивая,1
тайно,1
гармонию,1
возвышает,1
элементов,4
гармонической,1
организации,3
значительно,1
отметил,1
полный,1
анализ,1
структуралистам,1
некоторых,2
важных,1
первая,6
строка,4
метрическая,1
ямб,3
благозвучно,1
сочетание,1
аао,1
созвучие,1
лнл,1
мн,1
метрична,1
амфибрахий,2
внутренняя,2
рифма,4
здух,1
созвучиями,1
прошиты,1
другие,2
оооа,1
ааа,1
найти,1
созвучий,2
удивлением,1
обнаружил,1
метрических,3
одиннадцать,1
шести,2
метрическим,2
отнести,1
перечислю,1
метрические,4
слева,1
порядковый,1
номер,1
справа,1
обозначения,1
размера,2
стоп,1
з,1
хорей,5
дактиль,2
анапест,3
короткие,1
состоящие,1
зависимости,1
контекста,1
интонационной,3
инерции,3
могут,1
произнесены,1
вне,1
зрения,2
дольникого,1
типа,3
добавочным,1
безударным,1
слогом,1
пропуском,1
безударного,1
метрической,2
сетке,1
поскольку,1
составляют,1
большинства,1
главное,8
разношерстны,1
двухсложны,1
трехсложны,1
разной,1
стопности,1
т,2
п,4
роли,2
каноническом,5
стихе,14
зарождающаяся,1
разговорности,1
подчиняет,1
законам,2
нигде,1
скандируются,1
кого-либо,1
тянуло,1
скандировать,1
поэтическими,1
видению,1
три-четыре,1
мере,3
принижены,1
отрекаются,1
притязаний,1
высокую,1
метрическую,1
поэтичность,2
роль,6
особая,1
воспринимаясь,1
сознанием,1
подсознания,1
создают,1
скрытый,1
гармонический,1
фон,1
видим,3
середине,1
шесть,2
подряд,1
й,1
метрического,1
размеры,2
взаимно,1
аннигилируют,1
проходные,1
весьма,4
своеобразное,1
произведем,1
небольшой,3
эксперимент,1
бумагой,2
закрываем,1
начинаем,1
четвертой,1
восклицает,2
сыплющегося,1
жемчуга,1
строф,2
длинные,1
громоздкие,1
выполняет,1
своеобразного,1
мостика,1
плавного,1
перехода,1
части,2
роде,1
рычаг,1
переключения,1
скоростей,1
характер,1
двойственный,1
воспринимается,1
продолжение,1
возрастанию,1
прозаического,1
содержании,2
подготавливает,1
заключительные,1
гармонизации,1
упорядочению,1
служит,2
момент,1
четвертей,1
ударения,2
последних,2
исключительно,3
трех-,1
четырехударны,1
тоническое,1
наряду,2
немаловажным,1
формообразующим,1
элементом,1
одну,4
спорную,1
мысль,9
хотелось,4
высказать,1
читатель,5
раскрывает,1
читает,1
представление,1
произведение,2
написано,6
трехстопным,1
ямбом,1
последующими,1
строками,1
рассеивает,1
возможной,1
ямбической,1
моделей,1
верлибровой,2
восприятие,2
особенностей,1
осложняется,1
элементами,1
рассердился,1
целовались,1
голуби,2
загадочна,1
бесспорной,1
однозначной,1
трактовке,1
важнее,1
вторая,3
какую,1
упор,1
всему,4
подтексту,1
широкому,1
третью,1
грамматический,1
союз,3
называется,3
соединительным,1
одинаково,1
важны,1
воплощающие,1
неразрывном,1
единстве,1
прямых,1
доказательств,1
сказанному,1
ориентиры,1
упомянул,2
малатеста,1
франческу,1
римини,1
трагической,1
возлюбленных,1
сочувственно,1
рассказанной,1
данте,1
божественная,1
комедия,1
отличается,1
объединила,1
зажгла,1
неразлучные,1
страдании,1
любить,2
остаются,1
верны,1
трагическая,2
несчастных,1
имеет,1
значение,4
нравственным,2
критерием,1
основании,1
выносит,1
приговор,1
веку,1
заключительная,1
отсвет,1
свидетельство,2
принадлежащее,1
годом,1
читают,2
неразделимы,2
тобою,2
мгла,2
застывающие,2
дымы,2
рифм,2
веселых,2
огоньки,2
неоспоримое,2
доказательство,4
превыше,2
единство,3
неразрывность,2
любви,3
культуры,7
марта,1
месяц,2
написания,1
окончательно,1
расстались,1
месяцев,1
ноябре,1
последнем,1
связанном,1
именем,1
теперь,2
проходит,1
предо,1
твоя,1
развенчанная,2
тень,3
благоволеньем,1
иль,3
укором,1
ненавидя,1
мстя,1
скорбя,1
хочешь,1
приговором,1
цитата,3
наполеон,1
итак,1
убедились,1
простом,1
неизмеримо,1
подводных,1
течений,1
предположить,1
философское,2
облеченное,1
непритязательную,1
шутливую,1
форму,1
прекрасно,1
уникально,1
полифоничностью,1
скрытой,1
глубинной,1
гармонией,1
стороне,2
основного,1
направления,3
поисков,1
верлибристов,4
понадобится,1
поэтому,13
полным,1
основанием,1
устремлено,1
размышления,3
вспышка,3
сближении,3
миром,3
канонический,3
различных,2
мышления,1
объективно,1
говоря,1
дополняют,1
создал,1
удивительные,1
совершенству,1
средства,3
передачи,1
чувств,2
занимает,2
значительное,1
художественная,2
энергия,3
равномерно,1
распределяется,1
звуковой,1
материей,1
метром,1
рифмой,1
напевностью,1
тематическим,1
содержанием,1
стиховая,1
система,3
сросшаяся,1
стилистикой,1
кругом,1
образов,2
определенного,1
изнашиваться,1
перестает,2
задевать,1
тромбы,1
напряженная,1
поэтическая,6
обостренное,1
видение,3
которым,2
оболочке,1
существующего,2
фоносемантического,1
параллелизма,1
взрывают,1
авансцену,1
такова,1
общая,1
схема,1
возникновения,3
конкретные,1
обращения,1
иного,1
индивидуальны,1
неповторимы,1
вспоминая,1
работе,1
николая,1
рыленкова,1
верлибром,1
матери,6
жена,2
евгения,3
антоновна,1
позже,2
рассказывала,1
году,25
однако,4
конца,2
удовлетворило,1
автора,2
получилось,2
мнению,1
отвлеченным,1
вообще,6
рассказать,1
чувствах,1
бился,1
пробовал,1
неудовлетворен,1
обобщенно,1
недостаточно,1
истинно,1
обрадовался,1
обратился,1
стиховой,1
внешней,2
близости,1
прозе,2
лишенной,1
малейшего,1
налета,1
ложной,1
поэтичности,4
статье,8
нерифмованных,1
нерегулярными,1
ритмами,1
бертольд,1
брехт,1
объяснил,1
приверженности,1
регулярные,2
ритмы,2
оказывают,1
неприятно,1
убаюкивающее,1
усыпляющее,1
регулярным,1
шумам,1
падающие,1
крышу,1
моторов,1
впадаешь,1
своего,4
транс,1
столь,2
неприятном,1
мечтательном,1
настроении,1
которое,4
навевают,1
играл,1
своеобразную,1
возникали,1
скорее,2
ассоциации,1
плыла,1
волнам,1
вырваться,1
сглаживающего,1
упорядочивающего,1
настроения,1
уместно,3
отмечу,1
главных,1
причин,3
х,6
стала,1
неудовлетворенность,1
однообразием,1
целиком,1
состоявшей,1
кирпичиков,1
четверостиший,1
чаще,2
усредненных,1
пейзаж,1
напоминал,1
унылую,1
равнину,1
сплошь,1
усеянную,1
одинаковыми,1
блочными,1
зданиями,1
яркой,1
праздничности,2
ранние,1
верлибры,4
фейерверки,1
метафор,2
условной,1
безусловной,1
поэтичностью,1
известного,1
переводчика,1
ивана,2
кашкина,1
передают,2
системы,1
центр,1
перемещается,1
область,3
содержания,9
сосредоточена,1
основная,1
стержнем,1
несущей,1
конструкцией,1
значительная,1
истинная,1
высокого,3
накала,1
нуждаться,1
внешних,1
прикрасах,1
подпорках,1
формой,2
концентрированного,1
является,3
смену,1
декламационному,1
пафосу,1
канонического,6
предельно,1
стремится,2
непринужденной,1
единственно,1
иной,3
степени,4
слывет,1
личностью,1
исключительной,1
отделен,1
пропастью,1
непреодолимой,1
чертой,1
отличительная,2
снимает,2
всякую,2
дистанцию,2
читателем,5
собеседник,1
важно,2
равных,1
демократизма,1
трепещет,1
гордость,1
песни,2
уолт,2
скрывающееся,1
безыскусностью,1
заключается,1
каждому,1
тысяч,1
читателей,3
обращается,1
способна,2
обретать,1
поистине,2
магическую,1
например,4
уолта,2
уитмена,3
возлагаю,1
шепчу,1
ухо,1
женщин,1
мужчин,1
мешкал,1
вдали,1
немой,1
поспешить,1
твердить,1
воспевать,1
покину,1
пойду,1
воздам,1
гимны,1
понял,2
понимаю,1
перевод,1
корнея,1
чуковского,1
воздействие,1
оказывает,1
создает,2
могучий,1
канал,1
связи,4
физически,1
ощущает,1
токи,1
щедрости,1
доброты,1
интеллектуальной,1
энергии,2
исходящии,1
видит,4
жесты,1
утаишь,1
чувствует,3
малейшую,1
самый,2
последовательный,1
камерадо,1
тронешь,1
стихом,2
должен,7
начать,1
личности,2
экзамен,1
широты,1
верно,1
латышский,1
ояр,4
вациетис,4
выражается,3
моральных,3
сентенций,3
призывов,3
высоту,3
нравственного,4
идеала,5
кажущейся,1
бесхитростности,1
явление,2
внимательном,1
рассмотрении,1
обнаруживаем,1
формы,3
действует,1
важнейший,1
источник,1
динамизма,1
генератор,1
графика,1
воле,1
расчленяющая,1
текст,1
стихотворные,1
межстиховые,1
паузы,1
помимо,3
синтаксического,1
измерение,1
стиховое,1
резонансных,1
явлений,2
общении,1
пауз,1
вдвое,1
обратил,1
андрей,1
писавший,2
интервал,1
потенциальная,1
содержит,3
тайну,1
возьмем,1
миниатюру,1
германа,1
лукьянова,1
идущий,1
улицы,1
прогуливает,1
собаку,1
собственную,1
одиночестве,1
каким-то,2
непостижимым,1
четырех,2
сумел,1
дать,2
почувствовать,1
речь,3
одинок,2
безнадежно,1
встретил,1
маленьких,1
близнецов,1
одинаковы,1
посмотрел,1
ахметьева,1
первый,5
симпатичной,1
зарисовкой,1
вдумаемся,1
убедимся,1
потаенные,1
связаны,1
тайнами,1
человеческой,3
познать,1
управлять,1
кстати,1
интересные,2
философские,2
миниатюры,2
упоминавшихся,1
авторов,2
бурич,5
карен,3
джангиров,3
роман,2
хе,1
арсений,4
седугин,1
алексей,2
ольгин,2
аркадий,1
герциг,1
олег,2
мишин,1
список,1
продолжить,1
складываться,1
устойчивая,1
традиция,1
короткого,2
сверхкороткого,1
самых,1
примечательных,1
русском,7
десятилетий,1
испытав,1
влияние,3
японских,2
хайку,2
танка,2
наша,3
верлибровая,1
миниатюра,3
утратила,1
самобытность,1
короткий,2
форма,2
радует,1
заметно,1
расширился,1
круг,1
умеющих,1
остро,1
по-настоящему,1
работать,1
меткой,1
емкой,1
деталью,2
предельной,1
точностью,1
внушает,1
оптимизм,1
относительно,1
дальнейших,1
перспектив,1
развития,2
длинного,1
отставшего,1
рывка,1
обретет,1
художественную,1
ткань,1
шире,1
войдут,1
речевая,1
мелодика,1
пластика,1
устойчивый,1
читательский,1
интерес,2
некие,1
витамины,1
минеральные,1
вещества,1
находит,4
малые,1
основания,1
затрагивает,1
нерв,1
современного,2
мирово,1
приятия,1
привлекает,1
целые,1
пласты,2
нетрадиционной,1
вводит,1
мощное,1
силовое,1
крупной,1
напряженной,1
оригинальной,1
обостренного,1
видения,1
обладает,2
удивительным,1
качеством,1
способностью,2
молниеносной,1
скоростью,1
сближать,1
объединять,1
самые,2
отдаленные,1
полюсы,1
существования,2
колоссальную,1
обобщенность,1
емкость,1
читателю,4
мгновенное,2
обжигающее,2
чувство,5
причастности,2
человечеству,2
природе,3
красоте,7
резким,1
сочетанием,1
малого,1
глобального,1
характерно,1
безвременно,1
скончавшегося,1
томского,1
михаила,1
орлова,1
хорошенько,1
посмотреть,2
взлетают,2
бомбардировщики,2
вой,1
дрожь,1
старт,1
колеса,1
несущие,1
широкой,1
бетонной,2
равнине,1
пустыне,1
бескрайнему,1
полю,1
приятель,1
пустыни,1
обнаженной,3
правдой,1
многое,3
заполнить,2
нравственный,2
вакуум,1
образовавшийся,1
понимать,1
кажущаяся,1
безбрежность,1
свободы,3
обманчива,1
сложная,2
сложнее,1
взаимоотношения,3
необходимости,2
отменяются,2
видоизменяются,2
поднимаются,2
уровень,2
отказ,2
важнейших,2
формообразующих,2
метр,3
музыкальная,2
напевность,4
компенсировать,2
повышенным,2
накалом,2
жестким,2
самоограничением,2
дисциплиной,1
прав,4
классическом,1
опытный,1
мастер,1
проверенной,1
лодочке,1
счастливо,1
пробирается,1
финишу,1
балластом,1
трех-пяти,1
терпит,1
прозу,1
притом,1
скверную,1
верлибристу,1
обладать,2
тонким,1
вкусом,1
развитым,1
композиционным,1
чутьем,1
абсолютным,2
слухом,2
меры,2
перечислишь,1
упрощая,1
утверждать,1
предмет,3
изображения,2
сфера,2
чувства-мысли,1
преобладанием,2
мысли-чувства,1
точки,1
внутренней,2
логики,1
заметок,2
объявив,1
звуковую,1
материю,1
музыкальную,1
явлением,1
неотъемлемая,1
часть,2
посредством,1
живую,1
плоть,1
живое,2
течение,2
истинную,2
напряженность,1
точно,2
неотъемлемой,1
частью,1
непосредственная,1
предложивший,1
поэтическое,2
определение,2
утверждавший,1
правы,1
по-своему,2
расцвеченных,1
чувством,1
доминируют,1
характеризовать,1
приглушенную,1
подспудную,1
малоприметную,1
глубинные,1
имеют,1
важное,2
прочнее,1
остальных,1
скрепляют,1
согревают,1
прекрати,1
существование,1
воцарилась,1
температура,1
близкая,1
абсолютному,1
нулю,1
счастью,1
первичный,1
импульс,2
первотолчок,1
перефразируя,1
алексея,1
ольгина,1
первовспышка,1
очарованный,4
странник,4
газета,2
ярославской,1
губернии,1
интервью,2
газете,5
антонович,1
десяток,1
разворачивался,1
поэтический,5
бум,1
настойчиво,1
кризисе,3
фаворе,1
причем,3
пишет,8
свободным,1
языком,1
рифмованным,1
большому,1
счету,1
изолирована,1
прискорбно,1
какие-то,2
высокие,2
ценности,1
смотрим,1
изредка,1
замечаем,1
забываем,1
вечных,1
ценностях,1
добре,1
заботится,1
обрызгивает,1
понурые,1
жаль,1
настоящее,1
сильно,1
занижена,1
читателями,1
хоть,1
редкие,1
бывают,1
недавно,3
встреча,1
музее,3
маяковского,1
литературном,3
контакты,1
дают,1
надежду,1
таки,1
удел,1
немногих,1
больших,1
стадионов,1
ненормальное,1
положение,2
концов,2
наступит,1
займет,1
естественную,1
нишу,1
найдутся,1
издательства,1
издавать,1
тиражами,1
экземпляров,1
исключительных,1
случаях,1
кризис,1
издательской,1
деятельностью,1
процессами,1
среде,1
связано,3
мировозренческим,1
кризисом,1
прежней,1
идеологии,1
общественной,1
произошли,1
стремительные,1
перемены,1
изменилось,1
обстоятельство,1
порождает,1
разговоры,2
существенную,1
оговорку,1
идти,1
печатается,1
собственному,1
опыту,1
обедняют,1
нивелируют,1
публикации,1
журнальные,1
действительную,1
картину,1
многим,1
талантливым,1
негде,1
печататься,2
письменных,1
столах,1
опрокинут,1
этими,2
разговорами,1
реальные,1
процессы,1
стремление,4
определенной,1
пределы,2
традиционного,2
примелькавшегося,1
круга,2
выразительных,1
средств,1
принципе,3
оптимизмом,1
редакторов,1
ленивый,1
найдет,1
хороших,2
настоящая,2
тютчева,2
баратынского,1
существует,3
малозаметно,2
накапливает,1
временем,2
открыли,1
хх,5
веке,2
современных,1
по-вашему,1
высоким,1
потенциалом,1
ушли,1
давид,3
самойлов,3
тарковский,4
уровня,1
качественное,1
накопление,1
свободный,22
современной,1
традиционный,1
рифмованный,1
повседневного,1
изнашивается,1
тускнеть,1
терять,1
свободном,9
звучат,1
резче,1
моментов,1
философской,1
фактически,1
довести,1
магической,1
прямым,1
каналом,1
борхес,1
писателей,7
арион,4
слушателей,1
основном,3
напечатался,1
журнале,3
собирается,1
нужны,1
разрозненно,1
единой,1
среды,1
компенсируют,1
новом,3
отвечали,2
начинающих,1
кому-то,1
помочь,2
отделе,2
литконсультантом,2
отыскать,1
хорошего,1
удавалось,1
кому-нибудь,1
неким,1
буфером,1
беседовал,1
молодыми,2
передавал,1
начальству,1
правило,2
печатали,2
номере,1
количества,1
естественно,1
предпочтение,1
отдавали,1
именитым,1
авторам,2
правда,4
молодежная,1
подборка,2
составил,2
чухонцев,1
порекомендовал,1
примечание,1
авторах,1
собрал,2
передал,3
антоновичу,1
антологию,7
напечатаны,3
е,3
понтюхова,3
присланные,1
самотеком,1
новый,4
составив,1
подборки,2
журналы,1
дружбу,2
народов,4
литературную,1
газету,1
увидели,1
поэтам,2
вашего,1
свойственно,1
ироничное,1
отношение,9
ирония,2
лирических,1
ваш,1
совместимы,1
-м,1
интересом,1
относился,2
иронической,1
помогала,1
разрушать,1
всякие,1
догмы,1
стереотипы,1
замечать,1
разрушает,1
зависит,1
положительный,1
идеал,1
слегка,1
ироническим,1
оттенком,1
возможна,1
социальной,1
тематики,1
писали,2
аукнуться,1
сожалению,4
актуальными,1
взрывная,1
доходила,1
издалека,1
стеной,1
двойственно,1
помнить,1
обыкновенного,1
репортера,1
функция,1
эстонец,2
тяжело,4
переживали,1
отделение,2
прибалтийских,2
государств,1
периода,2
какая,1
культура,2
питает,1
русская,4
эстонская,1
говорили,1
сплав,1
начал,3
культур,1
японская,1
хокку,1
дается,1
штрихом,1
деталь,1
стремлюсь,1
камушки,1
складывается,1
мозаика,1
какое-то,1
большее,1
философия,1
близко,1
наибольшее,1
оказал,2
басе,1
томик,1
настольной,2
книгой,1
русских,3
чехов,1
лев,1
толстой,1
прихожу,1
позднему,1
пушкину,3
культуре,4
вырос,1
сильное,1
антон,2
тамсааре,1
писатель,5
уровню,1
голсуорси,1
плохо,1
переведен,1
русский,8
земледельческий,1
тема,4
близка,1
немногим,1
получил,3
звучания,1
какое,1
считаете,1
принципиальная,1
возможность,3
языки,3
квадратура,1
поэтично,1
выразительно,1
переводчик,2
стеклодув,1
традиционно,2
рассматривают,1
творчество,4
контексте,1
вытекающие,1
последствия,1
биографиях,1
трагичными,1
благополучной,1
иным,1
ориентирован,1
эстетические,1
идеалы,1
конфликту,1
действительностью,1
конфликт,1
разрешает,1
политических,1
осложняли,1
складываются,1
удачно,1
удачная,1
коварные,1
моменты,1
взлет,1
евтушенко,1
таит,1
будущий,1
внутренний,4
крах,1
каждое,3
хорошее,1
страдать,1
сомневаться,1
школе,1
газетах,1
превращаетесь,1
лучшее,3
соответствует,1
дзэнскому,1
понятию,1
художник,1
дзен,1
увлекался,1
дзэн,1
евангелию,2
евангелие,2
убеждает,2
круговорот,2
насилия,2
порочен,2
пытаться,2
преодолевать,2
добром,2
удьба,1
родился,3
таллине,2
творческая,1
прошла,1
таллина,1
лютеранка,1
пригорода,1
православный,1
моменту,1
рождения,3
сына,2
несмотря,2
возраст,1
волостной,1
староста,1
крещен,1
православие,1
языка,4
семье,1
самостоятельно,1
изучил,1
юности,2
получал,2
премии,2
шахматной,1
композиции,3
посылая,1
газеты,2
поступил,2
библиотечный,1
ленинграде,1
окончил,2
отличием,2
библиографом,1
библиотеках,3
комсомольске-на-амуре,1
эстонском,1
впоследствии,2
поступает,1
москве,6
литературный,1
сергей,8
наровчатов,8
набирал,1
семинар,1
талантливых,1
юрий,1
кузнецов,1
др,5
поощрялось,1
принят,1
знания,1
литературе,1
оценил,1
литинститута,3
еремин,1
экзамене,1
поставил,1
отлично,1
поклонился,1
аспирантура,1
написана,2
диссертация,1
главы,1
переводах,1
диссертацию,1
защищать,1
отказался,1
переделок,1
главе,1
статья,7
изд,2
московского,2
университета,2
параллельно,1
шла,1
работа,3
переводами,1
главный,1
редактор,1
пригласил,1
журнал,1
редактором,1
публицистического,1
отдела,1
работой,1
редактора,1
домбровского,1
пушкине,2
перешел,1
отдел,1
общей,1
сложности,1
проработал,1
познакомились,2
студии,6
вел,2
виталий,1
белецкий,1
студия,1
интересна,1
попытка,1
проводить,1
нестан,1
дартные,1
музыкальные,1
концерты,1
искусств,1
живопись,1
друзья,2
почитать,1
эстонии,4
учится,1
курсе,1
поразили,2
переписаны,1
тетрадь,3
поженились,1
путь,3
длинный,1
раза,2
расставались,1
вела,1
огромной,1
последний,5
расставаться,1
двадцать,2
прочла,1
неопубликованное,1
решался,1
напечатать,2
покорило,1
ездила,1
городам,1
замечательные,1
рублевские,1
фрески,1
звенигород,1
мягкая,1
овала,1
праведников,1
владимире,1
святых,1
троицы,2
ожили,1
синеглазым,1
пишу,1
позади,2
небольшая,3
изящно,1
оформленная,1
девушках,1
веснах,1
осенях,1
печали,1
сыздавна,1
составляло,1
проникнуты,1
человечностью,1
добротой,1
верой,1
сообщают,1
хорошие,1
точность,1
свежесть,1
лаконизм,2
мыслеизъявления,1
отличают,1
встречена,1
доброжелательно,1
порадовало,1
письмо,2
арсения,2
тарковского,2
посланную,1
пр,7
дискуссия,3
вопросах,2
организовывает,1
свободен,3
участников,1
расул,2
рза,2
борис,2
слуцкий,2
вячеслав,5
куприянов,5
младший,1
константин,1
родится,1
принимают,1
успешные,1
выступления,1
литераторов,1
собственные,2
продолжением,1
творчества,3
переводил,2
заказу,1
перекликались,1
творчеством,1
интересовали,1
кропотливо,1
пытается,1
попадают,1
некоей,1
г-же,1
рубер,1
переводчице,1
прозы,1
ничтоже,1
сумняшившись,1
выискивает,1
несовпадения,1
подстрочником,1
убийственную,1
рецензию,1
вошли,2
таллинские,4
стихам,2
чрезвычайно,1
строго,2
считал,3
включать,1
абсолютно,1
лучшие,2
хорошей,1
напряжение,1
стихами,4
вошедшими,1
невошедшими,1
стараться,1
включить,1
мало-мальски,1
приличное,1
приводит,2
затуханию,1
достижения,1
единства,2
противоречащие,1
безжалостно,1
отсекать,1
записала,1
статьях,3
упоминал,1
замыкался,1
говорю,2
страсти,1
собирать,2
домашнюю,1
библиотеку,1
дар,3
составителя,1
сборников,1
нового,2
ездил,2
стройку,1
камского,1
автозавода,1
камаз,1
появился,1
лебеди,1
челнами,1
большую,2
организованной,1
таганке,1
проводились,1
выступали,1
именитые,1
молодежь,1
объединенные,1
появляются,2
печати,1
статью,1
поэте,1
николае,1
тряпкине,2
слушал,1
собственном,1
исполнении,1
пел,1
увидела,1
присланных,1
орловской,1
области,1
подборок,1
орион,1
предисловием,1
вышла,2
существенных,1
работ,1
составление,2
владимира,2
боброва,1
каких-то,1
написанных,2
клочков,1
вороха,1
разного,1
формата,1
листочков,1
перепечатывая,1
выстраивая,1
предисловие,2
издали,1
напечатавший,1
военных,1
кое-что,1
опубликовано,1
альманахе,1
интересный,1
послевоенное,1
отбирал,1
почты,1
заинтересовавших,1
попали,1
внимательность,1
распространялась,1
животные,1
взаимностью,1
обладал,1
сострадать,1
занимала,1
безденежье,1
неестественное,1
жестокое,1
взывает,1
посмотрите,1
погибнуть,1
денег,1
гонорар,1
обязательно,2
поделиться,1
неимущими,1
сложными,1
совпало,1
изменение,1
обстановки,1
болезнь,1
смерть,1
держались,1
божьей,2
поддерживали,2
морально,1
подрабатывали,1
грузчиками,1
булочной,1
учась,1
институте,2
способны,1
радоваться,1
отмечать,1
праздники,1
путешествовали,1
велосипедах,1
радовало,1
ездили,1
мещерскую,1
рязанскую,2
село,2
былино,2
забывали,1
печалях,1
поражаясь,1
близкого,1
березовой,1
рощи,2
золотых,1
полей,1
синими,1
васильками,1
замечательной,1
речушки,1
обрывистыми,1
берегами,1
омутами,1
рыбная,1
ловля,1
сена,1
соседству,1
километрах,1
чудесной,1
милые,1
помогли,1
выбраться,1
края,1
поддерживала,1
бабушка,2
зоя,1
урожденная,1
филатова,2
племянница,1
ф,2
профессора,1
основоположников,1
педиатрии,1
воспитывала,1
наизусть,1
занят,1
антологией,2
столетия,1
неугасимый,3
проводил,1
выписывал,1
перепечатывал,1
проверял,1
накоплено,1
неоценимую,1
помощь,1
подборе,1
материала,1
оказывал,1
студенческой,1
поры,1
заведующий,2
кафедрой,2
зарубежная,1
появилась,2
прилавках,1
приходилось,1
крупицам,1
толстые,1
папки,1
отсеянных,1
процессе,1
камертоном,1
антологии,3
мужество,1
ахматовой,1
издателя,2
включающая,2
полная,2
книжечка,1
выборочных,1
непосредственно,2
раздел,1
которому,1
названа,1
отражающий,1
международном,1
фестивале,1
первую,2
премию,2
дальнейшем,1
участвовал,1
фестивалях,1
качестве,1
члена,1
жюри,1
лауреатом,1
лесковской,1
принесло,1
творческое,1
общение,1
исполнителями,1
александром,1
васиным,1
валентином,1
белецким,1
ребятами,1
авторского,1
познакомился,1
летия,2
победы,2
юбилей,1
переводились,2
романов,1
март,1
прочел,1
ставшие,1
откровением,1
испанском,2
немецком,1
польском,1
украинском,1
грузинском,2
литовском,2
сербо-хорватском,1
хинди,2
уникальна,1
сокровенные,1
традиции,1
периодов,2
метафоричность,1
живописность,2
христианское,3
неосознанное,1
мироощущение,3
святые,1
отцы,1
учат,1
кем,1
радостен,1
целое,1
взаимосвязано,1
порваны,1
бытия,1
необычный,2
ракурс,1
легкую,1
проникает,1
второму,1
периоду,1
присущи,2
сомнения,1
дисгармония,1
избавление,1
холодов,1
дисгармонии,2
публицистическом,1
временно,1
замолкает,1
несовместимые,1
сферы,1
деятельности,1
ухода,1
публицистики,1
обрел,1
пару,2
вдохновила,1
поездка,1
детьми,1
муза,1
вернулась,1
приходят,2
трудные,1
совпал,1
потеря,1
распад,2
советского,2
союза,4
предчувствии,1
разрыва,1
разделение,1
признакам,1
политическим,1
взглядам,1
враждуют,1
горечью,1
появляется,2
целый,2
цикл,2
стилистика,1
похожа,1
предыдущих,1
четвертый,1
примыкает,1
предыдущему,1
окончательный,2
выбор,1
модно,1
презирать,1
обездоленные,1
парии,1
каком-то,1
смысле,4
спор,2
потребительски,2
относится,1
проникается,1
духом,1
православной,1
россия,1
сознательный,1
зрелые,1
корреспонденту,1
крещение,2
православном,1
храме,1
вело,2
природная,2
тяга,2
добру,2
молитвенное,2
служение,2
внезапно,2
рецензент,1
федякин,1
нищ,1
светел,2
прозрения,1
пятый,1
половины,2
ххвека,2
слух,1
утончается,1
невидимое,1
россию,2
преображение,2
светла,1
трепетное,2
живому,1
целен,1
буйство,1
красок,2
музыке,1
возникло,1
направление,1
основоположником,1
даргомыжский,1
титан,1
мусоргский,1
детская,1
уха,1
чужероден,1
говорил,3
дискуссии,2
отталкиваясь,2
правде,3
истинности,2
свободной,2
естественной,2
ничем,2
скованной,2
писала,1
пасека,2
сотрудничал,1
частности,1
пчелиных,1
раздумий,1
ушедших,1
поколениях,1
цели,1
пронизывает,1
зачем,1
приходил,1
ответы,1
незавершенных,1
создание,1
доступными,1
способами,1
особенное,2
любовная,1
женщине,1
ребенку,1
окружающим,1
тонкое,1
созданием,1
подспудно,1
сказывается,1
вспомним,2
серафима,1
саровского,1
целомудренное,1
радуют,1
сентиментальность,1
сопровождается,1
иронией,1
злой,1
грустной,1
отличная,1
тонкий,1
лирик,2
понимаем,1
лучших,3
отмечал,1
вдохновение,1
философски,1
осмысливает,1
вольная,1
невольная,1
тайная,1
младенцу,1
отражается,1
удивительно,1
прозрение,1
цвет,1
притягивал,1
болел,1
просил,1
загораживать,1
прилетел,1
голубь,1
кружил,1
больного,1
следяшего,1
полетом,1
голубя,1
освещенного,1
летал,1
выздоровел,1
андрею,1
рублеву,1
крещения,1
надежда,1
ру,1
си,1
уу,1
усь,1
сь,1
проявляется,1
звучание,1
ру-у-сь,1
каждой,1
отзвук,1
русь,1
ру-си,1
звенящий,1
звук,1
дзинь,1
уходящий,1
летящая,1
глубина,1
синевы,1
лазурности,1
постепенное,2
понижение,1
возможный,1
диапазон,1
долгому,1
низкому,1
у-у-у,1
руууси,1
расширение,1
зримо,1
колоколов,1
наполняющее,1
небосвод,1
идущее,1
ввысь,1
достоевский,3
пытаясь,1
примирить,1
враждующих,1
лагеря,1
моралистов,1
эстетов,1
одних,1
некрасов,1
фет,1
объединял,1
художественностью,1
художественности,1
пользы,1
утверждал,1
художественность,1
вред,1
бывает,4
уточняет,1
высота,2
фета,1
некрасова,2
противоречия,1
призвано,1
напоминать,1
боге,1
отзывчивость,1
всемирную,1
литературу,2
правду,1
полноте,1
истины,3
произведения,1
своими,1
родными,1
кихот,1
автор,1
задумывал,1
сатиру,1
рыцарство,1
героем,1
кихотом,1
ожил,1
повел,1
осмысление,1
метсу,2
достичь,1
молитвенные,1
назначении,1
философских,1
двойственной,1
разбирает,1
символы,1
иннокентий,1
анненский,1
рассматривает,1
взаимодействие,1
лермонтова,1
гоголя,2
тургенева,1
достоевского,1
толстого,1
ладу,1
давит,1
пугает,1
завораживает,1
считает,2
вызовом,1
греха,1
добычей,1
любуется,2
разрушают,1
красота,1
приносящая,1
отталкивает,1
неизданных,1
загляденье,1
железные,2
глухие,2
верлибрах,1
проливает,1
собственное,1
сложные,1
александра,1
развенчивает,1
мучивший,1
развенчания,1
несовпадении,1
внутреннего,1
героиней,1
произведений,1
духовной,2
такому,1
выводу,1
разбора,1
корне,1
расходился,1
писателями,2
относились,1
использовал,1
русскую,2
культуру,1
проникаясь,1
любили,1
страну,1
конкретно,1
имел,1
отступничество,1
именовавших,1
русскими,1
высказывания,1
погибших,1
рекламе,1
стареющую,1
поэтессу,1
вязалось,1
героини,1
ладно,1
русским,1
открещивались,1
звания,1
православное,1
постижению,1
трудный,1
неизменно,1
брал,1
поздних,1
перечитывал,1
неоднократно,1
сродни,1
блоковскому,1
память,1
хранит,1
малолетства,1
веселое,1
легкое,1
легкая,1
веселая,1
набралось,1
обращенных,1
косвенно,1
судьбой,1
восемь,1
собрала,1
думала,1
известны,1
тьмы,1
низких,1
истин,1
дороже,1
возвышающий,1
обман,1
вспоминают,1
дважды,1
отчеркнул,1
томе,1
оставь,1
герою,1
тиран,1
сердечность,1
отдельная,1
глава,1
трагическое,1
преодоление,1
праведные,1
труды,1
аскетизм,4
ранних,1
слововыражении,1
способность,1
нескольких,1
несущих,1
концентрированную,1
энергию,1
донести,1
привести,1
лучше,1
определяют,1
каким,1
чистая,1
точны,1
обозначают,1
чистоте,1
вариант,1
пришел,1
очищение,1
очистить,1
стекло,1
промыть,1
свежее,1
незамутненное,1
явления,1
осознать,1
претворить,1
постигать,1
истину,1
серафим,1
саровский,1
молитв,1
стяжание,1
святаго,1
мирской,1
преуспеть,1
репродукция,1
висела,1
одухотворенность,1
теплота,1
лиризм,1
лучшим,1
колокольчиком,1
отзывается,1
читаешь,1
рождается,1
держал,1
немногословен,1
заоблачных,1
высот,1
опускал,1
разрешал,1
забывать,1
убивал,1
поэзией,1
продлевал,1
неуловимость,1
момента,1
прекрасного,1
трепетность,1
вмещает,1
богатый,1
чувствуем,1
приложения,1
дорогой,1
вашу,1
любезную,1
надпись,1
велика,1
прочитал,2
присест,1
повредили,1
написанные,1
традиционной,2
манере,1
интересной,1
производит,1
впечатление,1
свежести,1
непосредственной,1
искренности,1
поздравляю,1
выходом,1
желаю,1
успеха,1
благожелательного,1
отклика,1
прессе,1
искренне,1
уважающий,1
лета,1
льющихся,1
лужицах,1
отсвечивающих,1
одуванчиках,1
солнышках,1
ощущение,1
ликования,1
полноты,1
вызывающий,1
метко,1
найденного,1
сравнения,1
красочной,1
живописности,1
издаваемые,1
пчелами,1
шмелями,1
вдохновляли,1
музыкантов,1
сказку,1
царе,1
салтане,1
полет,1
римского-корсакова,1
улавливает,1
вступление,2
оркестра,1
сначала,1
симфония,1
звучать,1
читаем,1
разделе,1
мастерство,1
писателя,1
называлась,1
принимали,1
участие,1
тенденции,2
распадается,1
отсутствует,1
нервом,1
накал,1
страстной,1
ораторской,1
лавина,1
сюжет,1
глубокие,1
парадоксальные,1
раздумья,1
лаконичность,1
отточенность,1
слушателя,1
расходуется,1
фиксацию,1
сосредоточивается,1
интеллектуально,1
чувственной,1
ксения,1
начальным,1
держался,1
образцах,1
необычность,1
взгляда,1
образность,1
некрасовой,1
русское,1
примеси,1
иноязычных,1
влияний,1
естественного,1
почве,1
самодисциплиной,1
организация,1
ритмический,1
дыхания,1
возвещаемые,1
гроша,1
мышление,1
многом,1
композиционное,1
верлибрист,1
соразмерности,1
удачной,1
аукается,1
остальными,1
хорошая,1
композиция,1
зеркал,1
зайчик,1
гуляет,1
зеркала,1
другому,1
плохой,1
гасят,1
обращение,2
возвышенности,1
сцены,1
эстрады,1
душам,1
уютных,1
креслах,1
непринужденнее,1
табуретках,1
голой,1
верлибриста,2
философа,1
пророка,1
московский,3
литератор,2
апрель,1
стр,1
краткие,1
библиографические,1
сведения,1
таллин,1
печатался,1
изданиях,1
знамя,1
дружба,1
литературное,2
обозрение,2
литературная,1
альманахи,1
сборниках,1
икс,2
антология,3
сборнике,1
московских,1
московские,1
зори,1
лиризма,1
печатались,1
сербском,1
иностранных,1
журналах,2
публиковались,1
хронологически,1
отражающая,1
составитель,6
одуванчика,1
трехстиший,1
неопубликованных,1
поэтах,1
мазурине,1
понтюхове,1
испанский,1
польский,1
литовский,1
грузинский,1
украинский,1
сербо-хорватский,1
невидимая,3
скрипка,3
ямпольской,1
итальянского,1
италии,2
утверждение,1
проходило,1
отнюдь,1
гладко,2
преподаватель,1
озабочен,1
проблемой,2
когда-то,2
учился,1
странном,1
московском,1
вузе,1
выгнали,1
геннадия,2
айги,1
странность,1
более-менее,1
издавали,1
вспомнить,2
энтузиаста,1
прошлом,1
представлял,1
германии,1
составленную,1
расплывчато,1
названную,1
издателем,1
строкой,1
валерия,1
липневича,1
тополь,1
мае,1
убедился,1
живее,1
воспринимались,1
малюсенькой,1
книжке,1
написать,1
вернемся,2
художественным,1
воззрениям,1
спокойный,1
выдержанный,1
типичный,1
эстонских,2
краткость,1
сдержанность,1
обновить,1
исследовать,1
критики,1
соотечественники,1
подражания,1
японским,1
возникли,1
благодаря,1
увлечению,1
лирике,1
мелодики,1
тоска,1
дактилю,1
неожиданной,1
наивностью,1
пытался,1
определить,1
ибо,2
носил,1
революционного,1
преобразования,1
изумлялся,1
георгий,1
резниченко,1
работавший,1
метсом,1
редакции,3
знаменитого,1
вступлении,1
сборнику,1
вышедшему,1
обнажает,1
вытекающих,1
последствий,1
откровенны,1
безуспешная,1
борьба,1
верлибров,4
вовсю,1
балаганила,1
эстрадная,1
боролись,1
неевклидову,1
геометрию,1
ниспровергали,1
сталина,1
мавзолее,1
пределами,1
ленина,1
деньгах,1
фоне,2
всенародного,1
признания,1
происходило,1
государственное,1
приручение,1
буйных,1
произрастал,1
подполье,1
крысы,1
подвалов,1
непечатный,2
любимым,1
бунтарь,1
маяковский,1
иван,1
шапко,1
эпатировал,1
недоступного,1
буддийскими,1
аллюзиями,1
предвосхищал,1
неизвестного,1
экзистенциалиста-христианина,1
киркегора,1
доносчик,1
богу,1
отвлекаясь,1
подозрительный,1
возмущались,1
отсутствием,1
пунктуации,1
печатаем,1
против,2
достаточно,1
правильно,1
чистый,1
представлялось,1
объективен,1
нежели,1
обычный,1
силлабо-тонический,1
ориентированный,1
пение,1
скандирование,1
сплошная,1
субъективность,1
субъект,1
уравновешен,1
собственным,1
претензия,1
готовы,1
упрощение,1
усложнения,1
совмещения,1
удаленных,1
буричу,1
хватало,1
ироничности,1
отрешенности,1
навязанных,1
будней,1
заметной,1
замечал,1
стремился,1
связать,1
узлом,1
афоризма,1
вязать,1
вышивка,1
гладью,1
скептицизм,1
поколебал,1
академик,1
ю,4
рождественский,1
принявший,1
безоговорочно,1
непосредственную,1
требуя,1
никаких,1
излишеств,1
пафоса,2
поверить,1
филологическому,1
чутью,1
перечитывать,1
открытия,1
понимание,2
мимолетной,1
миссии,1
незаметного,1
подвига,1
миниатюрах,1
бескорыстно,1
лампой,1
листвой,1
красивой,1
бездомной,1
обнищавшим,1
музыкантом,1
гастрономе,1
просыпается,1
китайское,1
по-китайски,1
любование,1
латинского,1
возделывания,1
жесткость,1
крутизна,1
откровенный,1
аморализм,1
стилем,1
вектором,1
намеренно,1
человечность,1
приобретают,1
особую,1
цену,1
годами,1
радостного,1
восторженного,1
загоняло,1
трезвый,1
горький,1
ранний,1
поздний,1
жестокие,1
адрес,1
окружающей,1
толпы,1
помогало,1
происхождение,1
недаром,1
национальному,1
кадру,1
позволено,1
меньшим,1
тиражом,1
разрыв,1
отзывался,1
редкое,1
речевому,1
каламбуру,1
бурича,2
джангирова,1
выступал,1
практики,1
отвергал,1
чей-то,1
метод,1
взгляду,1
пренебрежительный,1
философии,1
посвящением,1
забавно,1
умозаключением,1
перекликаются,1
наблюдения,1
эдуарда,1
лимонова,1
иосиф,1
бродский,2
состоянии,1
восторга,1
взрывов,1
невеселый,1
классицист,1
бюрократ,1
бухгалтер,1
подсчитает,1
впишет,1
смету,1
балки,1
костыли,1
пилястры,1
колонны,1
гвозди,1
верил,1
сочинил,1
честь,1
поддержал,1
рецензией,1
аврора,1
питерского,1
алексеева,1
любопытным,1
прокралась,1
заговорила,1
маска,1
текста,1
снятие,1
масок,1
гипса,1
подвижника,1
теоретика,1
процитировать,1
сохраненные,1
памятью,1
суждения,1
поступки,1
происходила,1
руководством,1
осетрова,1
грянуть,1
открывал,1
преисполненный,1
культурной,1
революции,1
жовтисом,1
определявшим,1
метрический,1
взрыв,1
подтверждение,1
приводил,1
присутствовали,1
астрономы,2
сравнили,1
рождение,1
рождением,1
суперновы,1
начав,1
набата,1
услышать,1
концу,1
доклада,1
взрывом,2
пугал,2
взрывчато,1
вливался,1
струйками,1
реальных,1
публикаций,1
отмахивались,1
жалкими,1
порциями,1
разбавляя,1
привычными,1
рифмованными,1
проблески,1
надежды,1
забрезжили,1
выпустил,1
роскошную,1
избранными,1
авторами,2
справедливости,1
калуге,1
фестиваль,1
закрыл,1
тему,1
спустя,1
выпустив,1
соседствовал,1
монументальная,1
издательская,1
деятельность,1
переродилась,1
судорожное,1
производство,1
ярких,1
попала,1
мягкие,1
переплеты,1
лирику,1
расплата,1
ударившая,1
непрактичным,1
сочинял,1
констатировал,1
назревало,1
нудного,1
постмодернизма,1
занявшего,1
опустевшее,1
социалистического,1
реализма,1
перекочевал,1
маргинальные,1
группы,1
различными,1
нетрадиционными,1
ориентациями,1
болезненно,1
ощущалось,1
снижение,1
культурного,1
интереса,1
всеобщее,1
свинство,1
откликнулся,1
аполитичный,1
взрывном,1
запрещал,1
праздновал,1
побеждать,1
нечего,1
некого,1
сбылось,1
пророчество,1
сильный,1
напор,1
сломал,1
плотину,1
упоением,1
продолжали,1
рифмовать,1
пародировать,1
отмененную,1
социалистическую,1
следовало,1
методами,1
стиль,1
молодежной,1
моды,1
бунтарски-мелкобуржуазным,1
подворачивается,1
маца,1
литература,1
пролетариат,1
западе,1
привел,1
ненаучную,1
развитие,1
развитием,2
осуществлением,2
индивидуалистических,2
тенденций,2
буржуазного,1
общества,1
точнее,1
мелкой,2
буржуазии,2
покажет,1
усилят,1
индивидуалистические,1
наоборот,1
виновата,1
половинчатость,1
реформ,1
затормозившая,1
появление,1
здорового,1
среднего,1
класса,1
челнокам,1
вульгарной,1
социологии,1
нащупывает,1
качественный,1
скачок,1
переход,2
слогового,2
стиля,1
стихии,2
полнозначного,1
основой,1
единицей,1
любое,1
значимое,2
далее,1
носителем,1
сделан,1
решающий,1
носителя,1
смысла,1
фонетического,1
объединения,1
сочувствием,1
цитирует,1
вяч,1
вс,1
иванова,1
иностранной,1
близкий,1
киноправде,1
способ,1
говорилось,1
всеволодович,1
увлечен,1
поэтикой,1
эйзенштейне,1
всюду,1
грезилась,1
киноправда,1
пропускает,1
сослаться,1
структуралистские,1
разработки,1
лотмана,1
привлекая,1
оправдания,1
учение,1
автоматизации,1
деавтоматизации,2
вывод,2
видов,1
осознанный,1
семантической,1
находя,1
посылки,1
стеснялся,1
кропотливая,1
выяснению,1
теоретических,1
поучительна,1
организовал,1
дискуссий,1
дала,1
высказаться,1
противным,1
сторонам,1
поставить,1
всеуслышанье,1
официальным,1
пошло,1
общую,1
пользу,1
нежный,1
общественность,1
сомневающимся,1
доносится,1
троллейбусы,1
неизьяснимую,1
пауль,1
эрик,1
внимательна,1
размышляю,1
университет,1
ярославль,1
аннотация,1
мастера,1
подготовленные,1
автором,1
избранные,1
вступительная,1
смирнова,1
вячеслава,1
куприянова,1
биографический,1
очерк,1
сноска,1
павлович,1
член,1
совета,1
секретарей,1
глебович,1
критик,1
